id,sequence
seq6,QVQLQESGPGLVKPSETLSLTCNVSGDIINKYYWSWIRQSPGKGLEWIGYIYYSGTTYYNPSLKSRVTMSVGTSKQQFSLRLTSVTAADTAVYYCARMLSTEWSFNWFDPWGPGTLVTVSS
seq12,QVQLVESGGGLVKPGGSLRLSCAASGFTFSDYYMIWIRQAPGKGLEWVSYISSSGATIYYADSVKGRFTISRDNAKNSLYLQMTSLRAEDTAVYYCASPLLSHNYGSGSYYNVYWYFELWGRGTLVSVSS
seq14,QVTLRESGPALVKPTQTLTLTCTFSGFSLSTSGMSVNWIRQPPGKALEWLARIDWDDDKYYSTSLMTRLTISKDTSKNQVVLTMTNMDSVDTATYYCARSVPTTALDYWGQGTLVIVSS
seq16,QVQLQASGGGLVQTGGSLRLSCASSGRAFTLNEVGWYRQAPGKQRELVATITRGGDINYADSVKDRFTITRDNARNTLYLQMTNLKSEDTAVYYCAPRNGSPSVFEILLVSVYWGKGTQVTVSS
seq24,QVQLVQSGAEVKKPGSSVKVSCTASGGTFSSYFVTWVRQAPGQGLEWMGRISPLLGESKQAQRLQGRATITADKSTGTVYMELNSLRSEDTAVYYCASGRSLHDVLTGRYNYAMDVWGPGTAVTVSS
seq33,EVQLVESGGGVVQPGGSRRLSCVASGFTFTSYDIHWVRQGTGKSLEWVSTIDTAGDTYYADSAKGRFTISRENAKKSVYLQMSSLRAGDTAVYFCVRAYPFYDMLTGDTYHYYGLDVWGQGTTVIVSS
seq41,QVQLVQSGAEVKKPGSSVKVSCKASGGSFSNYAINWMRQAPGQGLEWMGQIIPSFGIANYAQKFQGRVTITADESTSTAYMELTNLRSEDAALYYCARDPFSTLGVVDVPTTQGYFDPWGQGSLVTVSS
seq46,QVQLVQPGSELRKPGASVKVSCKASGYSFSDFAMNWVRQAPGQGLEWMGWINTKNGDPTYAPGFTGRFVFSLDTSVSTTYLQITSLKAEDTAVYFCARDFGYYAAGSYFDYWGQGTLVSVSS
seq58,EVQLQQSGPVLVKPGASVRMSCKASGYTITDYYLNWVKQSHGKSLEWLGVLNPYSGGSLYSQTFKGKATLTVDRSSSTAYLELNSLTSEDSAVYYCARQLGRGNGLDYWGQGTSVTVSS
seq86,QVQLVQSGAEVKKPGASVKVSCKASGYTFSNYYLHWVRQAPGQGLEWMGIINPSAGSTSYAQKFQGRLTMTSDTSTNRVYMELSSLRSEDTAVYYCARDLGLVPSAVGLEFWGQGTQVTVSS
seq91,QVQLVQSGAEVKRPGASMNISCKASGYNFNNNYIYWVRQAPGQGLEWMGVVNPTGGGTAYAQGFQDRVTITSDTPRNTVYLGVTGLHSEDTAVYFCARGGEWRIVPGGRDYFDYWGQGTLVTVSA
seq95,DVQLVESGGGLVQPGKSLRLSCAASGFTFSNFGMHWVRQAPEMGLEWVAYISSGSTTKYYGDTVKGRFTISRDNPKNTLYLQMNSLRSEDTAMYYCARRPLYDGDYGYPMDYWGQGTSVTVSS
seq97,EVQLQQSGPELVKPGASVKISCKTSGYTFTEYTMHWVKQSHGKSLEWIGGINPYNDDTNYIQKFKGKATLTVDKSSSTAYMELRSLTSEDSAVYYCARDDYDYAGAYWGQGTLVTVSA
seq117,QVQLVQSGVEVKKPGSSVKVSCQASGGSFSSYAISWMRQAPGQGLEWLGGIIPIFGTAHYAQKFQGRVTITADRSTTTAYMEMRSLTSEDTAVYYCAKDSPDRSSSPARPSFYYYEMDVWGQGTTVIVSS
seq122,QVQLVQSGAEVKKPGSSVKVSCKASGGTFSSYTITWVRQAPGQGLEWMGRIIPFLGVPNYAQKFQDRVTITADKSTSTAYMELRSLRSEDTAVYFCARVAPMATNDWYFDLWGRGTLVTVSS
seq127,QVQLVQSGAEVKKPGSSVKVSCKASGGTFSSSAISWVRQAPGQGLEWMGTIIPILDITNYAQKFQGRVTITADKSTSTAFMELSSLRSEDTAVYYCAQRNQWDLLVYWGQGTLVTVSS
seq135,QVTLRESGPALVKPTQTLTLTCTFSGFSLNTNLMSVAWIRQPPGKALEWLARIDWDDDKFYSPAVKTRLTISKDTSKNQVVLTMTTMDPLDTATYYCARMRLGGFQFHADYWGQGTQVAVSS
seq149,EVQVVESGGGLVQPGGSLRLSCAASGFTFSSYDMHWVRQATGKGLEWVSAIGTSGDTYYAGSVKGRFTISRENAKNSLYLQMNTLRAGDTAVYYCARGGISSWYWYFDLWGRGTLVTVSS
seq151,QAQLVQSGAEVKRPGSSVKVSCQASGGTFSSYGFSWMRQAPGQGLEWIGRIIPILGIANYAPKFQSRVTITAEESTTTAYMELSSLRSEDTAVYYCARSSLDYGDYLLRYNWFDPWGQGTLVTVSS
seq194,QVQLVESGGGVVQPGKSLRLSCAASGFSFSDYGFHWVRQAPGKGLEWVAIVWNDGSQKYYADSVKGRFTVSRDNSKNTLYLQMNSLRAEDTAMYYCARDSLCTGGRCFFDYNWFDAWGQGTLVSVSS
seq225,HVQLVQSGAEVKKPGSSVKVSCKTSGGPFSTYAVSWVRQAPGQGLEWMGGLIPTFGTPYYAQKFQGRFTVAADESTDTVYMELSSLTFEDTAVYYCARGAVLYWFGEAFDYWGQGTLVAVSS
seq227,QLQLVQSGAEVKKPGASVKVSCKASGFTFTHYGISWVRQAPGQGLEWMGWLSVYNGNTNDAQKGQGRVTMTKDTSTSTAYLELRSLRSDDTAVYYCARVQEYYDRSGNPQWDAVDLWGQGTMVTVSS
seq241,EVQLVQSGAEVKKPGTTVKISCKGSGFIFTNNYMQWVQQAPGKGLEWMGLVDPEDGETRYAENFQGRVTITADTSTDTSYMELSSLRSEDTAVYYCAAVAKYSSAWRNFDFWGQGTLVTVSS
seq269,QVQLQESGGGLVQPGRSLRLSCTGSGFNFGNYVMSWVRQAPGKGLEWVGLIRSNSFGGTTQYAASVRGRFTISRDDSTSIAYLQMNSLKTEDTAVYYCSTSRGGSTNWFFYWGQGTLVTVSS
seq291,QLQLQESGPGLVKPSETLSLTCSVSGGSINSNLDYWGWIRQPPGKGLEWIGTISSGGNTYYSPSLKSRVTIVVDTSKNHFSLKLTSVTAADTAVYYCARSRGDYHYYYFYGLDVWGQGTTVTVSS
seq335,QVQLVQSGAEVKKPGASVQVSCQASANTFTNHYIHWVRQAPGQGLEWMGIIYPTGGNTIYAQGFQGRVTMTRDTSLNTIYLELSSLRSEDTAVYYCARDVRVDDSWSGYDLLSGGTYFDYWGQGTLVTVSS
seq342,QVTLKESGPVLVKPTETLTLTCTVSGLSLSNMRMGVSWIRQPPGKALEWLAHSSASDDKSYSPSLKTRLTISRGSSKSQVVLTMTNMDPMDTGTYYCAGTFSYFWYDYWGQGTLVTVSS
seq346,QVQLVESGGGVVQPGRSLRLSCAVSGFTFSNYSMHWVRQAPGKGLEWVAVILDDGSFKNYVDSVKGRFSISRDNSRKTVYLQMNSLRVEDTAVYYCARDYGVTTTYFDYWGQGTLVTVSS
seq349,QVQLVQSGAELKKPGASVRVSCKASGYTFTDYYIHWVRQAPGQGFEWMGWINPDSGGTNYPQNFQGRVTMTRGTSISTAYVELTRLRFDDTAVYYCARTSSPHSSSTGDLDYWGQGTLVTVS
seq364,EVQLVESGGALVQPGRSLRLSCAASGFTFDDYAMHWVRQAPGKGLEWVSSISWNGVSIGYADSVRGRFTISRDNAKNSLYLQMNSLKIGDTAFYYCARGLDGSSSASPDSWGQGTLVTVSS
seq420,EVHLVESGGGLVQPGRSLRLSCAASEFTFDDYAIHWVRQGPGKGLEWVSGITSNGGSIGYSDSVKGRFIISRDNAKNSLYLQMNSLKAEDTALYYCAKDARRWLLEGEGYFDYWGQGTLVIVSS
seq423,QVQLVESGGGVVQPGRSLTLSCAASGFTFSLYAIHWVRQAPGKGLEWVAVISHDVTNKYYADSVKGRFTISRDSSKNTVFLQMNSLRAEDSAVYYCAIRGGSGAVDRGYYFDYWGQGTLVTVSS
seq433,QVQLVQSGAEVKRPGASLTVSCKASGYSFANYGVNWVRQVPGQGLEWVGWISGYNGNTVYAQRLQDRVSMTTDTSTSTVYMKLKSLTSDDTAVYFCARDANYDSNGHFFRGGPFNWLDPWGQGTLVTVSS
seq434,QLQLHESGPPLLKPSATLSLTCTVSGASFNSANYFWAWIRQPPGKGLEWIGTFYYTGTTYYNPSLKSRVTMSVDTSKNQFSLRLISVAAADTAVYYCASLRWLRGQFNYWGQGSLVTVSS
seq459,EVQLVESGGGLIQPGGSLTLSCAASGFTVSRNLMGWVRQAPGKGLEWLSVIYSGGTTYFADSVTGRFTISRDNSRNTLSLQMNSLRAEDTAVYYCVGEQGSGRWRGTLFDSWGQGTLVTVSP
seq468,QLQLQESGPGLVKPSETLSLTCTVSGGSIASTYYYWGWIRQSPGKGLEWIANIHYNGSTYNKPSLKNRVTLSVDTSKNQFSLKLSSVTAADTAVYYCARYGPYYYDRSGSLLSDPFDNWGQGTLVTVSS
seq477,QVQLQQPGAELVRPGASVKLSCKASGYTFTSYWMNWVKQRPEQGLEWIGRIDPYDSETHYNQKFKDKAILTVDKSSTTAYMQLSSLTSEDSAVYYCARWGTVEWFFDYWGQGTTLTVSQ
seq526,QVQLVQSGGGVVQPGGSLRLSCAASGFAFDAYDMHWVRQVPEKGLEWISLISRDGGGTFYADSMKGRFTISRDNSKNSLYLQMNSLRTEDTALYYCVKDISADTSMVPVFAHWGQGTLVTVSS
seq529,QYQLVQSGAEVKKPGSSVKVSCKASGGSLSNFAVSWVRQAPGQGLEWMGGIVPILGTTDYAQHFQGRVTITVDESMSTAYMELTSLRSADTAVYFCATGVRYCTSDSCSSAYFRDWGQGTLVTVSS
seq534,QVQLVQSGSELKKPGASVKVSCKASGYTFATYALNWVRQAPGQGLEWMGWVNTNTGSPTYAQGFTGRFVFSFDTSVSTAYLQIRTLKAEDTAVYYCAVYYYDSGSPGWFDPWGQGTLVTVSS
seq555,QLRLQESGPGLVKPSETLSLTCTVSGGSINSRTYYWGWIRQPPGKGLEWIGSIHSGGNTFFNSSLESRLTISVDTSKNQFSLKLTSVTAADTAVYYCAREGLGRVSFSYFGLDVWGQGTTVIVSS
seq570,QLQLQESGPGLVKPSETLSLTCTVSGGSISSINYYWGWIRQPPGKGLEWIGSVYYSGSTYYKSSLKSRVTISVDTSKNHFSLKLISVTASDTAVYYCARLPLGYCSGGTCFPKSLWGQGTLVTVSS
seq572,QVQLVQSGAEVKKPGASVRVSCKASGYAFSNYNLHWVRQAPGQGLEWMGIIYPTGGGTRSAQSVQGRVTMTRDTSTSTIYLDLSSLRSEDTAMYYCAREGVTGTGYFDYWGQGALVTVSS
seq576,QVQLVESGGGVVRPGRSLRVSCAASGFSFSNYGMNWVRQAPGKGLEWVAMIWFDGSRKEYVDSVKGRFTISRDNPKNTLYLQMNSLRGDDTAVYYCAKSGRFYDSSGYEGLDALDLWGQGTMVTVSS
seq582,QVQLVQSGGGVVQPGRSLRLSCAASEFTFSSYTLHWVRQAPGEGLEWVSFISHDGGRIDYADSVKGRFTISRDNSKNTLYLQMNSLRAEDTAVYYCARGDILTGYPISKDALDLWGHGTTVTVSS
seq589,QVQLVQSGAEVKKPGASVKISCKASGYTFTNYYIHWVRQAPGQGLEWMGIAHPSGARINYAQKLQGRVTMTRDTATSTAYMELNSLTSEDTAIYYCARDRLLIGTVGPEWFDPWGQGTLIIVSS
seq596,QVEMVESGGGLVKPGGSLRLSCAASGFIFSVYDMNWVRQSPGKGLEWISYISSSGDTTFYADSVKGRFTISRDNAKNSLSLQMNSLRAEDTAVYYCAREKKGYNYGYPTLDHWGLGILVTVSS
seq604,EVQLVQTGGGLIQPGGSLRLSCAASEFIVSRNYMSWVRQAPGKGLEWVSLIYAGGSTFYADSVKGRFTISRDNSKNTLYLQMNSLRTEDTAVYYCTRDRGPLLHDYWGQGTLVTVSS
seq605,QVQLVESGGGLVKPGGSLRLSCAASGFMISDSYMNWIRQPPGKGLEWVSYISSNGYAIYYGDSVKGRFTISRDNAKNFLYLQMNSLRVEDTAVYYCAREQPGGYYDSSGYRLDPWGQGILVTVSS
seq654,QVQLQESGPGLVKPSQTLSLTCTVSGGSITSGDYYWTWIRQPPGKGLEWIGYIYYSGNTYYNLSLRSRITISEDTSKNQFSLKLRSVTAADTAVYYCARAMITFGGVIVVLDYWGQGTLVTVSS
seq687,QVQLQESGPGLMKPSGTLSLTCAVSGDSISRNTWWGWVRQPPGKGLEWIGEIYHSGSTNYNPSLESRVTISIDKSKNQFSLKLNSLTAADTALYYCAKGGSGSSFLAYYFDYWGRGTLVTVSS
seq690,HVQLVESGGGLVQAGGSLRLSCAASGRTFSAYGMGWFRQAPGKEREFVAGIARSGSEYYGDSVKGRFTISRDNAKNTVYLQMASLKAEDTGVYYCAADPTILYHALSQRTQNYRYWGPGTQVTVSS
seq719,QVQLVQSGGGLVQPGRSLRLSCTTSGFNFGDYSMSWVRQAPGKGLEWVSFIRSKTYGGTTHYAASVKGRFTISRDDSKRIAYLQMNSLKTEDTAEYYCCREIEGTYNYGSNYFYYIDVWGKGTTVTVSS
seq720,QVQLVQSGADVKKPGASVKVSCKASGYTFTNFAMHWVRQAPGQSLEWLGWINPRNGNTRFSQKFQGRVAISRDISATTVYMELSRLRSEDTAVYYCARDHYDSSGYSFPPLYWGQGTQVTVSS
seq729,QVQLVESGGGVVQPGRSLRLSCAASGFTFNSYAMYWVRQAPGRGLEWVAVISYDGDKKYYADSVKGRFTISRDNSKNTVFLQMDRLRGGDTSLYYCARGTDYGDYIPWFDPWGQGTLVTVAS
seq763,EVQLVETGGGLIQPGGSLRLSCAASGFIVSRNYMSWVRQAPGKGLEWVSSIYSGGSTFYADSVKGRFTISRDNSKNTLYLQMNSLRANDTAVYYCARDQRDVIWGQGTTVTVSS
seq773,QVQLQESGGGLVQAGGSLGLSCAASGRPLNSYSMAWFRQAPGKEREFVASIGRSDGLSKYNDFVKDRFTLSRGNAKTTLLLQMNNLKVEDTAVYYCSAALWDGWATDINEYDYRGQGTQVTVSS
seq778,QVQLVESGGGLVQAGGSLRLSCAASGFSFSNYYMVWFRQAPGKEREFVAAITTWLSNTYYTDSVKDRFTISRDNAKKMLYLQMNSLKPEDTALYYCAAEQSGRDWRRTSPSPYAYWGQGTQVTVS
seq783,QVQLVQSGAEVKKPGASVKVSCKASGYTFTSYGLSWVRQAPGQGLEWVGWISPYDGNTNYAQKFQGRVTMTTDTSTSTVYMELRSLRSDDTAVYYCARVETYYYGSSAYYFDDWGQGTLVTVSS
seq784,QLQLHESGPGLVKPSETLSLTCTVPDGSMYSSSYYWGWIRQPPGRGLEWIGTIYFTGSTYYNPSLKSRVTISVDTSRNHFSLRLSSVTAADTAFYYCARGAHYYDSRHPVGAFDIWGQGRLVTVSS
seq789,QVQLVQSGSELKRPGASVRVSCETSGYTFTDYAINWVRQAPGQGLEWMGWINTYSGHPTYAQAFTGRFVFSVDMSGSTAYLQISSLKPADTAVYYCARDLQVPEGLDYWGQGTLVTVSS
seq795,QVQLQQSGPGLVKPSETLPLTCTVSGDSISSNSYYWGWIRQSPGKELQWIGTMNLRGGNYYNLSLKSRVTISVDTSKKQFSLKLRSVTAADTAVYYCARADLSDFHAFNIWGQGTMVTVSS
seq832,QVHLVESGGGLVKPGGSLRLSCAASGFTFSDYFMCWIRQAPGKGLECIAHISNSGNTKHYADSVKGRFTISRDNGKNSLYLQMSSLRAEDTAMYYCTRRPFGVAEWDGYWYFDLWGRGTLVTVSS
seq833,EGQLVESGGRLVQPGRSLRLSCAASGFTFDDYAMHWVRQGPGKGLEWVSGLNWDGVRTGYVDSVKGRFTISRDNAKNFLYLQMNSIRSEDTAVYYCVKDGNSDYGGNPIWGQGTMVTVSS
seq855,QVQLQESGPGLVKPSQTLSLTCTVSGASISSGEYYWSWVRQPPGKGLEWVGYIYYSGSTYYNPSLKSRVTISVDTSKNHFSLKLKSLTAADTAVYFCATGGLSAFGELFPHDKWGQGTLVTVSS
seq886,QVQLVQSGAEVKRPGSSVKVSCKASGDTFSRYAISWVRQAPGQGLEWMGRIIPMFDKANYAEKFQGRVTMTADKSTITAYMDVSGLRSEDTATYYCGRSSFYDSSGAYIDSWGQGTLVTVSS
seq911,EVQLVESGGGLIQPGRSLRLSCTASGFSVGDYAMSWFRQAPGKGLEWVGFLRNQHYGGTAEYAASVKGRFSISTDASKNIVYLQMDSLKTEDTAVYYCARNDRYIVIVPAEMLYWGQGTLVTVSS
seq917,VELVESGGGLVQPGGSLRLSCAASGFSFPNFWMHWVRQAPGKGLVWVSRIKSDGTATIYADSVKGRFSISRDNARNMLFLEMNSLKDDDTAVYYCVRDRGYYDISGNYYSAWFDPWGQGTQVTVAS
seq926,QVQLVQSGGGLVQPGGSLRLSCAASGFTFSNYWMHWVRQAPGKGLVWVSRINRDGSSPTYADSVKGRFTISRDNAKNTLFLQMNSLRAEDTAVYYCARDLESGSFHPGLVRVPWGQGTLVTVSS
seq932,QVQLQESGPGLVKPSQTLSLTCTVSGDSINSGSYYWSWIRQTAGKGLEWIGRIYVSGATSYNPSLRSRVNISIDTSENRFSLNLTSVTAADTAVYYCARESKTTVTESGLVGVRVDPWGQGTQVIVSS
seq972,QVQFVQSGAEVKKPGASVKLSCKASGYTFTQFAIHWVRQAPGQRLEWMGWINTANDNTKYSPRFLGRVTFTRDISATTVYMDLNSLTSEDTAVYYCARGLGYGELGPNFYFYYYMDVWGKGTTVTVSS
seq984,EVQLVQSGAEVTKPGTTLKISCKVSGYNSSAYYVHWVRQTPEKGLQWMGLIDREGRGAIYAETFKGRVTMIVDTSTATAYLEVTRLRSDDTAVYYCATGPGATRATIYGFAHWGQGTLVTVSS
seq1002,EVHVVESGGGLVQPGRSLRLTCTGAGFTFADSALGWFRQAPGKGLEWIGFIRNKAYDGTTEYAASVKGRFTISRDDSKSVAYLQMNSLKPEDTAFYYCARDAFSSSWYGAGWFDPWGQGTLVTVSS
seq1011,QVQLVESGGGLVQPGGSLRLSCAASGLAQSKWAYGWFRQAPGKGLEAVAAIDVATGPWYYADSVKGRFTISRDNSKNTLYLQMNSLRAEDTAVYYCAAHHIPTKHPAFPDFRDYWGQGTQVTVSS
seq1016,QVQLQESGPGLVKPSETLSLTCTFSGGSISSYSWNWIRQPPGKGLEWIGYIYTSGSTNYNPSLKSRVTMSVDTSKNQFSLKLNSVTAADAAVYFCARGLFYNSGGYYSSNYYYYIDVWGKGTTVTVSS
seq1017,QVQLVESGGGVVQPGRSLRLSCVASGFTFSTYGMHWVRQAPGKGLEWVAVIWHDGSKKDYADSVKGRFTISRDNSKNTLYLQTSSLRAEDTAVYYCARGHYGDEVGYYYFALDVWGQGTTVTVSS
seq1051,QVQLVQSGAEVKKPGASVKVSCKGSGYIFTNYGVSWVRQAPGQGLECMGWISAYNGNTDYTQKFQGRVTMTTDTSTSTAYMELRSLTSDDTAVYYCARAAHNWGPEDAFDIWGQGSMVTVSS
seq1054,QEQLAESGGGVVQPGRSLRLSCAASGFTFENYAMHWVRQAPGKGLEWVAVASYDGRKKFYADSVKGRFTISRDNYKNTLFLQVNSLRAEDTAVYYCARDDEMGYDIDGHYWRNALDVWGQGTMVTVSP
seq1088,EVQLLESGGGLVQPGGSLRLSCAASGFSFSSYAMNWVRQAPGKGLQWVSVIYSGGSSTSYTDSVKGRFTIARDDSKNTLFLQMNRLRAEDTAVYYCTKEASYCTSTRCHPSEYFQHWGQGTLVTVSS
seq1089,EVQLVQSGPEVKKPGTSVKVACKASGFTFITPVSMQWVRQARGQRLEWLGWIVLASGNTDYAQKFQERVTIIRDMSTSTAYMELSRLRTEDTAVYYCAAPSCSRTICSDGFDIWGQGTMVTVSS
seq1112,QMQLVQSGPEVKKPGTSVKVSCKASGFTFTNSAMQWVRQARGQRLEWVGWIVVASGNANSARRFHDRVTITSDMSTSTAYLELSSLRSEDTAVYYCALNHCSNTTCLDGFDIWGQGTMVSVSS
seq1134,QITLKESGPTLVRPTQTLTLTCNFSGFSFISSGVGVAWIRQPPGKALEWLGIIYWDGDKRYSPALKTRLTITKETYENQVVLRMTNMDPVDTATYFCAHLVGGVWGFDPWGQGTLVTVSS
seq1144,QVQLVESGGGLVQAGGSLRLSCAASGSIFSLNAKAWYRQAPGSQRELVARITGSGTITNYADSVKGRFTISRDNVKNTVTLQMNSLRPEDTAIYICAAAPGGLWTGPAYWGQGTQVTVS
seq1148,EVQLVESGGGLIKPGGSLRLSCAASGFTFNSYTMSWVRQAPGKGLEWVSSISGSSTFIFYADSLKGRFTISRDNARNSLYLQMNTLRAEDTAVYYCARNFDILTPYADAEYFQYWGPGTLVTVSS
seq1160,QVQLQQSGPGLLKPSQTLSLTCTVSGGSVNTWSYYWGWIRQRPGKGLEWIGHISYSGSTYYNPSLKSRIAMSVDTSKNQFSLKLRSVTVADTAVYYCARLVRGGLSYGSDAFDLWGQGTTVTVSS
seq1166,EVQLVESGGGVVQPGGSLRLSCVASGFTFDDYDMHWVRQAPGKGLEWVSLINGDGHSPYYADSVKGRFTISRDNRKNSLYLQMNSLRSEDTALYYCGKDISCSGGSCKWAQTLIDHWGQGTLVTVSS
seq1178,EVQLVESGGGLVQPGGSLRLSCAASGFTFSSYDLHWVRQGTGKRLEWVSAIGTAGDTYYLGSVKGRFTISRENAKNSLYLQMNSLRAGDTAVYYCARVLYDSSGFYNWFDPWGQGTLVTVSS
seq1181,QVQLVESGGGSVQAGGSLRLSCAASGYIKHIEYLGWFRQAPGKEREGVAALKTSSGSTYYADSVKGRFTVSLDNAKNTVYLQMNSLKPEDTALYYCAAARYGRSDPLHYHEYSYWGQGTQVTVSS
seq1189,QVQLVESGGGLVQAGGSLRLSCTASGGTFRSFTMAWFRQAPGKEREFVATLSWTGVGTYYADSVKGRFTISRDIAKNTVYLEMNSLIPEDTAVYYCAASPYTYSLLSRTGDYGYWGQGTQVTVSS
seq1234,EVQLVESGGGLVKPGGSLRLSCAASGFTFSSSTVNWVRQAPGKGLEWVSSISSSSSYIYYADSVKGRFTISRDNAKNSLFLQLNNLRAEDTAVYYCARLMGSYPMDYYYNPMDVWGQGTTVTVSS
seq1246,EEQLVESGGGLVQPGRSLRLSCAASGFTFGDYTMHWVRQPPGRGLEWVSRIFWNSGNIGYADSVKGRFTISRDNAKNSLYLQMNSLRAEDTALYYCAKEIGGLGYSGYDFFSGNAIDIWGRGTMVTVSS
seq1252,EVQVVESGGGLVKPGGSLRLSCAGSGFTFNYAWMNWVRQAPGKGLEWVGRIKSETGGGTIDYAAPVRGRFIISRDDSKNMVYLHMNSLKTEDTAVYYCTTEATVTTWDALDIWGQGTLVTVSA
seq1257,EVQLVESGGGLVQPGGSLRLSCEASGFSFSKYAMHWVRQAPGKGLEYVSGISTNGGGTYNEIPMKGRVTISRDNSKNTLYLQMDSLVPEDTAVYYCARDVGSTWYADAFDVWGQGTMVTVSS
seq1270,EVQLVESGGGLVQPGGSLRLSCAASELTFINYNMNWVRQAPGRGLEWISFISSSGSTIYYADSVKGRFTSSRDNAKNSLYLQMNSLRDEDTAVYYCARSTHSSSQFGELTRFSYYYGMDVWGQGTTVTVSS
seq1312,QVQLVQSGTEVKKPGESLTISCKTSGYYFTTYWITWVRQMPGKGLEWLGRIDPSDSYTTYSPSFQGHVTMSIDKSITTAYLQWTSLKASDTAMYYCARECGGDCYFPEPLSHTAFDIWGQGTTVTVSS
seq1342,QVQLVESGGGLVQPGRSLRLSCAASGFTFDDYAMHWVRQVPGKGLEWVSGISWNSGSIVYADFVKGRFTIARDNAKNSLFLQMNSLRAEDTALYYCAKSTALRHQYYYGMDVWGQGTTVTVSS
seq1370,QMQLVESGGGVVRPGRSLRLSCAASAFPFSTYAMHWVRQAPGKGLEWVAVISYDGSDIYYADSVKGRFTISRDNSKNTLYLQMSDLGAQDTAVYYCARAGVLRNFDWLLSSGFAFWGQGTLVTVSS
seq1375,EVQLVEAGGGLVQPGRSLRLSCTASGFTFGDHAINWVRQAPGKGLEWVGFIRTKPYGGTADYAASVKGKFIISRDDSKSIAYLQMNGLKTEDTAVYYCAREEDRGYSGYDFLDYFYGMDVWGQGTTVIVSS
seq1376,QVQLVESGGGLVKPGGSLRLSCAASGFIFSDYCMSWIRRAPGKGLEWLSYISNSGTTRYYADSVKGRFTISRDNGRNSLYLQMDSLSAEDTAVYYCARRGDGSSSIYYYNYMDVWGKGTTVTVSS
seq1383,QVQLVQSGAEMKKPGASVKVSCKASGYTFTTYYIHWVRQAPGQGLEWMGVINPSGGGTSLPQKFQGRVTMTRDTSTSTVDMDLSNLRSEDTAVYYCARGSSGLDIVLRWYFDLWGRGTLVTVSS
seq1391,EVQLLDSGGGLVQPGGSLRLSCAASGFTFSAYAMTWVRQAPGKGLEWVSSITDSGAGAFYADSVKGRFTVSRDNSKNTLYLQMNSLRAEDTAVYYCAREILVPTAMVFDSWGQGALVSVSS
seq1399,QVQLVQPGAEVKKPGASVKVSCKASGYTFTTHGISWVRQAPGQGLEWMGWISAYNGYTKYAQKFQGRVTMTTATSTDTAYMELRSLRSDDTAVYYCARHLIAVAGTLILSPPGWGYDYWGQGTLVTVSS
seq1427,EVQLVESGGGLVQPGGSLRLSCAASGFIVSSNYMSWVRQAPGKGLEWVSVIYSGGSTFYADSVKGRFTISRDNSKNTLYLQMNSLRAEDTAVYYCARDYGDYFFDYWGQGTLVTVSS
seq1449,EVQLVESGGGLVQAGGSLRLSCAASGFTLDTTAIGWFRQAPGKEREGVSCISTSGERTYYADSVKGRFTISRDNAKNMVYLQMNNLKPEDTAVYSCAAKYASFQYLPVGLPWSMYDVRGQGTQVTVS
seq1457,EVQLVESGGGVVQPGGSLRLSCVASGFMFEDYAMHWVRQVPGKGLEWVSVIDRDGGGTFYPDSVKGRFTVSRDNSKKSLYLQMSSLRTEDTAFYFCVKDVDIDISLVTVFDYWGQGTLVTVSS
seq1468,EVQLVQSGAEVKKPGESLKISCKGSGYSFTNYWIGWVRQMPGKGLEWMGIIYPGDSDTRYSPSFQGQVTMSADKSINTAYLQWSSLRASDTAMYYCARPVGDYPMRHFDYWGQGTLVTVSS
seq1491,QVKLEESGGGSVQSGGSLRLSCTVSRDTNTNINRCMGWFRQAPGKGLETVATINRDGTNTYYTDAVKGRFTISQDNVKNTVYLQMNNLTPEDTGTYICNAMGRGSGSRCDNWDPNYWGQGTQVTVSS
seq1494,QVQLVESGGGVFQPGKSLRLSCAASEFSFSIYSMHWVRRAPGKGLEWVAQISYDGSSKSYADSVKGRFTISRDNSKNTLYLQMNSLRAEDTALYYCVRDLGYYNRSGHYHIERIDYWGQGTLVTVSS
seq1497,EVQLVESGGGLVQPGGSLRLSCAASGFTVSSNYMSWVRQAPGKGLEWVSVIYSGGSTYYADSVKGRFTISRDNSKNTLYLQMNRLRADDTAVYYCVRDPVGRYYYGMDVWGQGTTVTVSS
seq1516,EVQLVESGGGLVQPGRSLRLSCVASGFTFADHAMHWVRQTPGKGLEWVSGISWNSGNIGYADSVKGRFTISRDNAKNSLYLQMNSLRAEDTALYYCAKDLGGWEYCSGTICYPSDAFDIWGQGTMVTVSS
seq1527,EVQLVESGGGLVQPGRSLRVSCAASGFTFDDYAMHWVRQTPRKGLEWVAGISRNSAAIAYADSVKGRFTISRDNAKNSVFLQMNGLRADDTALYYCVKSPRYGWGSPDYSFDFWGRGTLVTVSA
seq1529,EVQLLESGGDVVQPGGSLRVSCAASGFTFNSYTFHWVRQAPGKGLEWVSVISHDGTNRYYADSVKGRFAVSRDNSRDTLYLQMDTLRPEDTAVYYCARVGCPSATCSHGRYFHMDVWGKGTTVTVSS
seq1530,QSLEESGGDLVKPGASLTLTCTASGFSFSSGYDMCWVRQAPGKGLEWIACIGTGSSGNIYYASWAKGRFTISKTSSTTVTLQMTSLTAADTATYFCARDDADYAGPDYFNLWGPGTLVTVSS
seq1535,QITLKESGPTLVKPTQTLTLTCTFVGFSLSTSGVGVGWIRQPPGKALEWLALIYWNDDKYYSPSLKSRLTITKDTSENQVVLTMTNVDPVDTATYFCAHTMLFVYGDFDHWGQGTLVTVSS
seq1560,HVQLVESGGGLVQAGGSLRLSCAASGGTFTTFRMAWFRQTPGKEREFVAASSWGFVNYADPVKGRFTISRDNAKNTVYLEMSSLKTEDTAVYYCAARNPGTGQYDYWGQGTQVTVSS
seq1568,QVQLQESGPGLVRPSQTLSLTCTVSGGSIGSGAYWSWIRQHPAKGLEWIGYVYYSGSTFYNPSLETRVSISVDISKDQFSLELTSVTVADTAVYYCAREKIEVVSIEMRPHYYGIDVWGQGTTVTVSS
seq1587,EVQLVESGGALVQPGGSLRLSCAASGFTLDAAAIGWFRQAPGKEREWVSCINRVGGGFYSDSAKGRFTISRDNDKNTVYLQMNSLKFEDTAVYYCAADSDSPRFGCSDSRARYEYWGQGTQVTASS
seq1653,QVLLQESGPGLVRPSETLSLTCTVSGGSITNYYWNWIRQAPGQPPEWIGNVYHTGGTDYNPSLKSRVTITLDTSETQFSLRLSSVTAADTAVYYCARLGELTGDGYFDFWGHGALVTVSS
seq1654,EVQLVESGGGLVQPGRSLRLSCAASGFTFGDYAMHWVRQAAGKGLEWVSGLTYNGGVMDYAASVKGRFFISRDNAKNSLYLQMNSLRAEDTAFYFCAKDMGTYYDTLTGFYDDHKFFHYWGQGTLVTVSS
seq1656,HVQLVESGGGLVQAGDSLRLSCAASGRDFSSYAMGWFRQAPGKEREFVGVISSGDVGTFYEDSVKGRFTISRDDAKNTVDLQMNSLKPEDTAVYYCAAALYVTSTRGSYAYWGQGTQVTVSS
seq1660,QVQLVQSGAEVKKPGASVKVSCKASGYTFTDYYVHWVRQAPGQGLEWMGWINPISGGTNYAQKFQGRVTMTRDTSISTAYMELSRLRSDDTAVYYCARGPYYYDSSGSLGAFDIWGQGTMVTVSS
seq1689,QVQLVESGGGLVQAGGSLRLSCAASGRTFSNYAMGWFRQAPGKEREFVVAISWKSGLITAANFLEGRFTISRDNAKNTMYLQMNNLKPEDAAVYYCAVDPNNRRGTLTSYYDHWGQGTQVTVS
seq1715,QVQLVESGGGVVQPGRSLRLACGVSGFSFSNYGMHWVRQAPGKGLDWVAVIGSDGTSKFYADSVKGRFTISRDNSKNTLYLQMNTLRVEDTAVYYCVKESDYDILTGGPFDYWGQGTLVTVSS
seq1720,QVQLQESGGGLVQPGESLRLSCAASGSISTLNVMGWYRQAPGKQRELVAQITLDGSPEYADSVKGRFTITKDGAQSTLYLQMNNLKPEDTAVYFCKLENGGFFYYWGQGTQVTVST
seq1752,QVQLVESGGGVVRPGRSLRLSCAASGFTFSLYTMYWVRQAPGKGLEWVALTSYDGSKIYYADSVRGRFTISRDNSKNALYLQMNSLRGDDTALYFCVRDGISYYGSETYKGLDYWGQGTLVTVSS
seq1758,QVQLVQSGAEVKKPGASVKVSCKASGYIFTDYSMHWVRQAPGQGLEWIGWVNPNSGGTNYAQKFQGWVTMARDTSITTVYMELSRLKSDDTAVYFCARGPLFHRLVYDFWSGYHDGFDMWGQGTMVTVSS
seq1768,EVQLVESGGGLMQPGGSLRLSCAASGITVSRNYMSWVRQAPGKGLEWVSVMYSGGSTYYADSVKGRFTISRDNSKNTLYLQMNSLRAEDTAVYYCARDLDYYGMDVWGQGTTVTVSS
seq1789,EVQLVESGGGLVQPGRSLRLSCAASGFTFDDYGMHWVRQAPGKGLEWVAGISWKSGKTVYADSVKGRFTISRDNARNSVYLQMNTQRAEDTALYYCAKDMGWNDDILTGLSFNMDVWGQGTTVTVSS
seq1791,EVQLVQSGAEVKKPGESLKISCRVSGYDFDSYWIGWVRQTPGKGLEWMGIVYPDDSDTRHSPSFHGQVIVSADKSISTAYLQWKSLKASDTAIYYCARHRGRTYSGTLDYWGLGTPVIVSS
seq1797,HVQLVESGGGLVQTGGSLRLSCAFSGYTFSTFPTAWFRQAPGKEREFVAGIRWNGGSRDYTEYADFVKGRFTISRDNAKNMIYLQMISLKPEDTALYYCAASHGVVDGTSVNGYRYWGQGTQVTVSS
seq1814,EVQLVESGGGLVQPGGSLRLSCSASGFTFRNYAMNWVRQAPGKGLEHVSIISSNGLSSYYVDSVKGRFTISRDNSKSTLYFQMSSLRVEDTAVYYCVKGRTFYHGSGYGGNLHYWGQGTLVTVSS
seq1830,QLQLQESGPGLVKPSETLSLTCNVSGGSINNKNCYWGWIRQPPGKGLEWTGSVYYSGYTYYNPSLKSRVTISVDTSKNQFSLKLSSVTAADTAVYYCVANSGSYEDFHHYYAMDVWGQGTTVTVSS
seq1831,DVQLVESGGGLVQAGGSLRLSCAASGRTFGSTMAWFRQAPGKERDFVAAITWSADRISYADSVKGRFTISRDNDKNIVHLQMNSLKPEDTAVYVCAARASSNTYDDPRSFAFWGQGTQVTVSS
seq1850,QVQLVQSGAEVKKPGASVKVSCKASGYTFTSDYIHWVRQAPGQGLEWVGMINPNGAGTDYAQKFQGRVTMTRDRSTNTVYMEFSSLKSDDTAVYFCASLHSNFGVMLIPNDAFDIWGQGTVLTVSS
seq1851,QITLKESGPTLVKPTQTLTLTCTFSGFSLTTSGVGVGWIRQPPGKALEWLALIYGDDDKRYSPSLKSRLTITKDTSKNQVVLIMTNMDPVDTATYYCAHRPAGGYDVLTGYYRVVVPLFDYWGQGTLVTVSS
seq1855,QLQLQESGPGLVKPSETLSLTCSVSGGYVSSGSYYWAWLRQPPGTGLEWIGSISYTGTTSYNPSLKSRVTLSVDTSMDQFSLKVTSVTAADTAVYYCARGSTIRLSDAFDIWGQGTIVTVFS
seq1864,QLAQSGAELARPGASVKLSCKASGYTFTRYWMQWVKQRPGQGLEWIGAIYPGDGDSRYTQKFKGKATLTADKSSSTAYMQLSSLASEDSAVYYCARRNYYGYDAFAYWGQGTLVTVSA
seq1865,EVQLLESGGRLVQPGGSLRLSCAASGFTFSSSVMSWVRQAPGKRLQWVSGIYGSGENTYYADSVKGRFTISSDNSKNTLYLQMNSLRVEDTAVYYCAKDLGFCGGDCYRWSGVAFDNWGQGTMVTVSA
seq1879,QVQLVQSGAEVKKPGASVKVSCKASGYTFTGYFLYWVRQAPGQGLQWMGRINPNSGDTDYAQKFQGRVTMTRDTSISTAYLEMSRLRSDDTAVYYCAREPGYDILTDSFRDYWGQGTLVTVSS
seq1881,PGAAGAVWGRRGPAGRSLRLSCAASKFTFSRFAMHWVRQAPGKGLEWVAGISYDGENRYYADSVRGRFTISRDNSKNTLYMQMNSLRAEDTAVYYCAKEGPGASGFNYFDYWGQGTLVTVSS
seq1894,QVQLVESGGGVVQPGRSLRLSCGASGFTFSDYTMHWVRQAPGKGLEWVAVISYDGSNKYYADSVRGRFTISRDNSKNTLFLQMNSLRVEDTAVYFCASVGDITLVRGVIRTAYGMDVWGQGTTVTVSS
seq1904,HVQLVESGGGLVQAGESLRLSCVASGSIFSINAMGWFRQAPGKQRELVASISNIGTTIYAESVKGRFTISRDNAKNTADLQMNSLKPEDTAIYYCNLRQGCSYNGCDEYWGQGTQVTVSS
seq1918,QVQLQESGPRLVKPSETLSLTCIVSGGSVSSNNFYWSWIRQPPGKRLEWIGYFYNSGSSKYNPSLKSRVTISGDTSKNQFSLKLSSVTAADTAVYYCARETFFYDRTGHYKSDGFDVWGQGTMVTVSS
seq1958,EVQLVQSGAEVKKPGESLRISCKGSGYSFTSYWISWVRQMPGKGLEWMGRIDPSDSYTNYSPSFQGHVTISADKSISTAYLQWSSLKASDTAMYYCARPNPAGGYDSSGWVDAFDIWGQGTRVTVSS
seq1988,QVQLVESGGGLVQAGGSLRLSCAASGRTFSSLVMGWFRQAPGKEREFVAFIEWNGGDTYYTDAVKGRFTISRDNAKNTVFLQMNSLKPEDTAVYYCAADRAYSLYYYRVSEYQYWGQGTRVTVS
seq2000,QVQLVQSGAEVKKPGSSVKVSCKASGATFSNYIISWVRQAPGQGLEWMGRTIPLLDIANYAQKFQGRVTITADKSTRIVYMHLGSLTSEDTAVYYCATGKGYSSSSAAYYFDHWGQGTLVTVSS
seq2011,QVQLVQSGAEVKKPGSSVKVSCKASGDTFSSYSINWVRQAPGQGPEWMGRIIPMFGIANYAQKFQGRVTITADKSTSTAYMELSSLRSEDTAVYYCATSTYYYDSSGYYPFDYWGQGTWVTVSS
seq2018,QVQLVESGGGLVQPGGTLRLSCAASGFTLDYYAIGWFRQAPGKEREGVSCISGSGGITNYTDSVKGRFTISRDNAKNTVYLQMNSLKPEDTAVYYCAPVSHTVVAGCAFEAWTDFGSWGQGTQVTVSS
seq2024,QLQLRESGPGLVKPSETLSLTCSVSGGSVGSFSHYWAWIRHPRGKGLEWIGSINYRGNPNHNPSLRDRVTMSVDTSKNQVFLNLVSVTAADTALYYCARVGGRVGPVHFDSWGQGTVVTVSS
seq2044,QVHVVESGGGLVQAGGSLRLSCAASGRTFGIYNMGWFRQAPGKEREFVAAITGDASDTYYADSVKGRFTISRQNAKNTVFLQMDNLKPEDTAVYYCAATGAITRATMWKPNFWGQGTQVTVS
seq2086,EVQLVESGGGFVQPGRSLRLSCVASGFTFDEYAIHWVRQAPGKGLEWVSGVSSNSATIGYADSVKGRFIISRDNAKNSLYLHMNSLRAEDTAFYYCAKDMNAEGPGSSYYHYYGMDVWGHGTTVTVSS
seq2088,LLKLVESGGGLVQPGGTLRLSCAASGFSFRKHWMSWFRQAPGKGLEWVANMDQEGSENYYIDSVKGRFTISRDNANNLLYLQMNSVRAEDAAVYHCAREECSSSVCKAKSWYFDLWGRGTPVTVSS
seq2090,QVQVVQSAAEVKKPGASVKVSCKASGYTFSNYGISWVRQAPGQGLEWMGWISIYNGDTKYSQKFSGRVAMTTDTSTNTAYLELRSLRFDDTAVYYCARDVRPGYSGYDFLEEPFDHWGQGTLVTVSS
seq2110,EVYLMESGGGLVQPGGSLRLSCAASEFIVSANYMSWVRQAPGKGPEWVSLIFAGGSTFYADSVKGRFTISRDDSKNTLHLQMNSLRAEDTAVYYCARDLGGNGHFDFWGQGTLVTVSS
seq2121,QVQLVQSGAEVKKPGSSVKVSCKASGGSFSRHSISWVRQAPGQGLEWMGRTIPIVEIVNYAQKFQGRFTITAEKSTSTVYMELNSLRVEDTAVYYCARETEATEDFGNPNWFDPWGQGTLVTVSS
seq2126,QVQLQESGGGLVQAGGSLRLSCVTSGLTFSRAAMGWFRQAPEKEREFVASIHWRGLNIAYADSVKGRFTISRDDAKNTLYLQMNSLKTEDTAVYYCAAIPFYYFDHISPFSRAAAYWGQGTQVTVSS
seq2154,QVQLQESGPGLVRPSETLSLTCTVSGGSVFSTYSWLNWIRQPPGKGLEWIGHMYHTGTANYNPSLESRVTMSLDRSKNQMSLSLRSVTAADTAVYYCASGRDESKTGYWGQGTLVTVSS
seq2155,QVQLVQSGAEVKNPGASVKVSCKASGYSFINYGISWVRQAPGQGLEWMGWISAYNGNTNYAQKLQGRVTMTTDTSTSTAYMELRSLRFDDTAVYYCARVQWLRLDYWGQGTLVTVSS
seq2164,QVQLQESGPSLVKPSQTLSLTCTVSGFSITSDGVLWVRQAPGKALEWVGAIYQNGATYYNPALKSRLSITRDTSKSQVSLSLSSVTTEDTAVYYCARDTDYDGMDVWGRGLLVTVSS
seq2175,QVQLQESGPGLVKPSETLSLTCTVSGDSISSYYWSWIRQPPGKGLEWIGYIYYSGSTNYKPSLKSRVTMSVDRSKNQFSLKLSSVTAADTAVYYCARGGDYGDFFDYWGQGILVTVSS
seq2189,RILLTQSGAEVKKPGASAKVSCKVSGYSLSESPMHWVRQAPGKGLEWMGGFDPEDGEIINVQKFKGRVTMTEDTSSDTAYMELTSLTSEDTAVYFCAITSLARGLKGYFDSWGQGTLLIVSS
seq2240,QVQLVQSGAEVKTSGASVKVSCRASGYTHTGYAMHWVRQAPGQRLEWMGWINTASGATQYSQNFQGRVSISRDTSASTGYMELSSLTSGDTAVYYCARDGGKGWHSLIWGQGTLVTVSS
seq2243,EVQLVESGGGLVQPGGSLRLSCAASGFAFRSYDMHWVRQDIGKGPEWVAAIGTAGDTYYPDSVKGRFTISRENAKNSLYLQMNSLRAGDTAVYFCVRDLEKNWYFDLWGRGTLVTVSS
seq2248,EVQLVESGGGLVQPGGSLRLSCAASGFTLSSDDMHWVRQPTGKGLEWVSGIGTSGDTYYSDSVKGRFTISRENAKNSLYLQMNSLRAGDTAVYYCTRGSFDYADYIGWFDPWGQGTLVTVSS
seq2250,QVQLQESGPGLVKSSETLSLTCTVSSGSVRSGGYYWSWIRHHPGKGLEWIGYIFYTGITYYNPSLKSRVIVSVDPSKNQFSLNLTSVTAADTAVYYCASTPYTNGGAFHIWGQGTMVTVSS
seq2272,QVHAGAVWGRRGPAWEVLRLSCEGSGFIFSNYAMHWVRQAPGKGLEWVAVISFDGDNIYYADSVKGRFTISRDNSKKTMYLQMNSLRADDTAVYYCAKRGLGYCSAGTCFGEGEGGEFDYWGQGTLVTVSS
seq2286,QVQLVESGGGVVQPGRSLRLSCAASGFTFSNFAMYWVRQAPGKGLEWVAVISYDGRNKYYADSVKGRFTISRDNSKNTLYLQMNSLRAEDTAVYYCARDLEGEQWLLRDDYYYYYYYGMDVWGQGTTVTVSS
seq2300,QVQLQESGPGLVKPSQTLSLTCAVSGDSIRSGGYYWSWVRQHPGRGLEWIGYIYFSGTTYYNPSLKSRVTISVDTSEKQFSLKLTSVTDADTAVYFCARVKGWLRGYFDYWGQGALVTVSS
seq2305,QVQLVQSGAEVKKPGASVKVSCKVSGYTLTELSMHWVRQVPGKGLEWMGGFDPVDGEAIYAQTFQGRVTMTEDTSTDTAYMELSSLRSEDTAVYYCATAWVAPFDYWGQGTLVTVSS
seq2308,EVQLVESGGGWVQPGGSLRLSCEASGFTFTNFALHWVRQAPGSGLEYVSSITSNGGGTFYATSVEGRFTISRDNAKNTLYLQMGSLRHEDMGVYYCARESTITVSTILDYWGQGTRVTVSS
seq2318,QGHLVQSGAEVKEPGASVTLSCKASGYTFTNHFMHWVRQAPGQGLEWMARINPSGDSTNLAQKFQGRVSVTRDSSTSTVYMYLSRLRVEDTAVYYCARDRFPSPGNFVWGSPLGGMDVWGQGTTVTVSS
seq2323,EVQLVESGGGLIQPGGSLRLSCVASGFSVSSNYMSWVRQAPGKGLEWVSVIYNDGSTDYADSVKGRFTISRDNSKNTLYLQMNSLRTEDRAVYYCARVVSDAFDMWGQGTTVTVSS
seq2335,QVQLVQSGAEVKKPGSSVKVSCKASGGTFSSYTISWVRQAPGQGLEWIGKIIPILGIADYAEQVQGRITITADTSTGTAYMDLSSLRSEDTAFYYCARERGYSDYGSAIYFDYWGQGTLVTVSS
seq2337,QVQLVESGGGVVQPGRSLRLSCEASGFTFSTYAMHWVRQAPGKGLEWVAVISYDGNNKYYADSVKGRLTVSRDNSKNTLYLQMNSLRAEDTAEYYCARDDGGYCSSLSCPMDVWGQGTTVTVSS
seq2342,EVQLVQSGSVVKKPGESLKISCQGSGYNFNDDWIGWVRQTPGKGLEWVGMIYPDDSDTRYNPSFLGQVTLSVDKSISTAHLHWSSLKTSDTAKYFCARHGVVDRETHSLPDFWGPGTLVTVS
seq2344,HVQLVESGGGLVQAGGSLRLSCAASGRTFSTHATGWFRQAPGKEREFLATSVWLDDISRDSTYYAESVKGRFSISRDNAKDTVYLQMNSLKPEDTAVYYCAVKQRVGPGIMSAPTYDYWGQGTQVTVSS
seq2346,QVQLVESGGGLVQTGGSLRLSCAASGRTFSSNAMGWFRQAPGKEREFVAAINWSGGSTYYADSVKGRFTISRDNTKNTVYLQVNSLKPEDTAVYFCAAGGEPLPRYWSDYASWVDYWGKGTLVTVSS
seq2351,EVQLVESGGGVVQPGRSLRLSCAASGFTFSAYGVHWVRQAPGKGLEWVAVISDDGTIKFYADSVKGRFTISRDNSRNTVYLHMNSLGSEDTAVYYCARDEQKDRAMVTLPDYWGQGTLVTVSS
seq2370,QVQLVQSGAEVKKPGASVKVSCKASGYTFTSYDINWVRQATGQGLEWMGWMNPKSVYTGYAQKFQGRVTMTRNTSIRTAYMELSSLRSEDTAVYYCARGLWFGDLTRTKYNWFDPWGQGTLVTVSS
seq2432,EVQLVESGGGLVQPGGSLKLSCSASGFTLSDSAMHWVRQASGKGLEWVGRISSNVNNDATVYAASLKGRFTISRDESKNMAYLQMNSLKNEDTAVYYCTVVPVLEYYQYGMDVWGQGTTVTISS
seq2435,QLQLQESGPGLVKPSQTLSLTCTVSGGSISSGDYYWSWIRQPPGKGLEWIGYIYYSGSTYYNPSLKSRVTISVDTSKNQFSLKLSSVTAADTAVYYCARGKSPTVVTPWFDYWGQGTLVTVSS
seq2444,EVQLVESGGGLVQPGGSLRLSCSASGFAFSSVSMSWVRLLPGKGTEWVAEIDRDGGNGNYEDSVKGRFTISRDNAKNTLFLQMNSLVPEDTALYYCRLGTRDHIMSGWGPGAPVTVSS
seq2449,QVQLVQSGPEVKKPGTSVKVSCKASGFTFTTSAVQWVRQARGQRLEWIGWIVVGSGNTNYAQKFQERVTITRDMSTTTAYMELSSLRSEDTAVYFCAAPHCNSTSCYDAFDIWGQGTMVTVSS
seq2450,QVQLVESGGGLVQPGGSLRLSCAASGFTFKNADMNWYRQVPGQGLEWVTSIYSDGRTVYADSVKGRFTVSRDNPKSTVSLQMNSLKPEDTGVYYCMAGSKSGHELDHWGQGTQVTVSS
seq2467,QVQLQESGPGLVKPSETLSLTCTVSGGSIRNYYWSWIRQPAGKGLEWMGRVYISGGANYIPSLKGRVTMSLDTSKNQFSLRLRSVTAADTAVYYCATSGSGTFSDYWSFDLWGRGTLVTVSS
seq2476,EVQLLESGGGVLQPGGSLRLACEASGFTFSSYWLHWVRQAPGKGLVWVSRVNGAGTRTNYADSVKGRFTISRDNAKKTVYLQMNSLRADDTAVYYCARGSRDSSGYTWGLEAFDMWGQGTMVTVSS
seq2483,QVQLVQSGAEVKKPGASVKVTCKASGYTFSSYGIRWVRQAPGQGLEWMGWVSAYNGDTKSAPRFQDRVTLTTDTSTSTAYMELRSLTSDDTAVYYCSRDLGWFGELSPLTPDYWGQGTLVTVSS
seq2508,QVQLVQSGAEAKKPGSSVKVSCKASGGTFNNYAINWVRQAPGQGLEWMGRIIPILDIPNYAQNFQGRVTFTADKFTGTAYMELSSLRSEDTAVFYCATSAYESSYSSSAYPLDYWGQGSLVTVSS
seq2527,QVQLVQSGGEVKKPGSSVKVSCKVSGDTFSNYAISWVRQAPGQGLEWMGRIIPSIGLGNQAQQFQGRLSITADKSTRTVYMDLRSLRSEDTALYYCARDERVDDDANAYYPGGWYLDYWGQGTLVTVSS
seq2528,EVQLVESGGGLVQAGGSLRLSCAASGSAFNDYAMGWYRQAPGKQRELVARFTNVGATLSSNSVKGRFTISRDNAKNTVFLQMNSLKPEDTAVYYCHAGHRILLGREYWGQGTQVTVSS
seq2543,EVQLVESGGVAVQPGGSLRLSCAGSGFTFDDYTMHWVRQPPGKGLEWVSLITWDGYTTHYADSVKGRFTISRDNSKNALYLQMNSLRTDDTALYYCAKDTHGGITTSWFWGQGTLVTVSS
seq2547,QLQLVESGGDLVQPGESLRLSCVASFKSYHIAWIGWFRQAPGKEREGVSCSLTGASITSYADSVRGRFTISRENAKNAVYLGMNSLKPEDTAVYYCAARDYASSLYCSRNEAMYAYWGQGTQVTVSS
seq2558,QVQLVQSGAEVRKPGSSVKVSCKASGGIFSNRYGISWVRQAPGQGLEWMGGIIAAFGTTNYAQKSQGRVTISADESTSTVYMEMSSLRSEDTAVYYCASGPPTYYDSWSGYSFDYWGQGTLVTVSS
seq2579,QAHLVQSGPEVKKPGASVKVSCKASGYAFTTFAISWVRQAPGHGLEWMGRINPYNGKTYYAQKVQGRVTMTTETSTSTAYMEVRSLRSDDTAVYYCARQYPMPRGPHYNYMDVWGKGTAVTVSS
seq2595,EVKLVESGGGLVQPGGSLSLSCAASGFTFTDYYMSWVRQPPGKALEWLGFIRNKANGYTTEYSASVKGRFTISRDNSQSILYLQMNALRAEDSATYYCARYIRTGWYFDVWGTGTTVTVSS
seq2596,EVQLVESGGGVVQPGESLRVSCAASGFTFSHYGMHWVRQAPGKGLEWVTFISYDGSDTYYTDSVKGRFSISRDNSKNTLYLQLNSLRAEDTAVYYCAKNNGNYGSVWFANFFDYWGRGTLVTVSS
seq2605,QVQLQESGPGLVKPSQTLSLTCTVSGASISSGGYYWSWIRQHPGKGLEWIGYIYYTGSTYYSPSLKGRVTISVDTSKNQFSLKLSSLTAADTAVYYCARGSGPEVVVIRPYYLDNWGPGTLVTVSS
seq2613,QVQLQESGPGLVKPSETLSLTCTVSGGSISSSIYYWAWIRQPPGKGLEWIGSINYSGNTYHSPSLKSRVTISEDTSQNQFSLKLISVTAADTAIYYCARHELGRYYGSGTYHTDDCFDYWGPGTLVIVSS
seq2622,QMQLQESGPGLVKPSETLSLTCTVSRGSVRSSSNYWAWIRQSPGKGMEWIGNIYYSGRTDYNPSLRSRVTISVDTSKNKFYLKLTSVTASDTAVYYCASHRGTTAFHWGQGRMVTVSS
seq2623,QVQLVESGGGLVQPGGSLRLSCAASGADAFVIIGGWFRQAPGKGLEAVAAIAWTDQHEYYADSVKGRFTISRDNSKNTLYLQMNSLRAEDTAVYYCAAQDSAYIKSKGSRAYEYWGQGTQVTVSS
seq2667,HVQLLESGPGLVKPSQTLSLTCTVSGGSITTDVAYWSWLRQPPGKGLEWMGAIASSGSTYNSPFFGSRTFISRDTSKSQFTLQLSSVTPEDTAVYYCAAIAVRDPHYVGVGGYWGKGTQVTVSS
seq2692,QVHLQQWGAGLLKPSESLSLTCAVDGGSFNSYSWSWIRQPPGKGLEWIGDINRRGSTSYNPSLKSRLTISVDSSKNHCSLNLNAVTAADTAVYFCARGRYYLDSSDFGSNWFDPWGQGTLVTVSS
seq2706,EVQLVQSGAEVKKPGASVKVSCKASGYTFTSYDIIWVRQATGQGLEWMGWMDPSRGTTGYAQTFQGRVTMTRDTSISTAYLELNSLTSEDTAVYYCVAHIVVLDRWFDPWGQGTLVTVSS
seq2707,QVQLVESGGGLVQDGGSLRLSCAASGLASIVFNMGWFRQAPGKEREFVAGILGSGQSTYYGNSVKGRFTISRDSAKNTVYLQMNSLKPEDTAVYYCAAGGRLDLVNTTGGYEPTYWGQGTQVTVS
seq2709,QVQLVQSGAEVKKPGASVKVSCKASGYTFTSYYMHWVRQAPGQGLEWLGIINPTGGSTRYAQKFQGRVTMTRDTSTTTVYMELSSLRSEDTAVYYCARSMYTTSSEGNYYYYYMDVWGKGTTVTVSS
seq2724,QLQLVESGGGVVQPGRSLRLSCAASGFNFRTFGMHWVRQSPGKGLEWLAVLSFDEKTTYYGNSAKGRFTISRDNSRNVLFLQMNSLRVEDTAIYYCAKGSGVAAVMDLWGQGTLVTVSS
seq2758,QVQLVQSGAEVKKPGESLKISCTGSGYSFTSYWVGWVRQMPGKGLEWMGIIYPGDSETTYSPSFQGQVIISADNSITTAYLQWSTLKASDTAMYYCARQWNYPDGAFDIWGQGTMVTVSS
seq2774,QVQLVQSGPEVKKPGASVKIPCKASGYSFTSYFLHWVRQAPGQGLEWMGVINPSGRSRSYAQKLQGRVTMTSDTSTSTVYMDLSGLTSEDTAVYYCAREDGGSSRLDYWGQGTLVTVSS
seq2797,EVQLLESGPTLVKPTQTLTVTCTFSGFSLSTYGLGVGWIRQPPGKALEWLALIYWDDDKRYSPSLKSRLTITKDTSKNQVVLTMTNMGPVDTATYYCARADHSSSWQGKWFDPWGQGTLVTVSS
seq2894,EVQLVESGGGVIQPGGSLRLSCAASGFTVSSNYMGWVRQAPGKGLEWVSFIYTGDATYYADSVKGRFTISTDNSKNTLYLQMNSLRAEDTAVYYCASLYTSGWNFRGAPQVWGRGTMVTVSS
seq2901,QVQLVESGGGVVQPGRSLRLSCAASGFAFRNYGMHWLRQAPGKGLQWVAVISNGGGNKAYADSVKGRFTISRDNSKNTLSLQMNSLRPEDTAVYFCAKDPEDGIVGTTGWIDSWGQGALVTVSS
seq2910,QVQLQQWGAGLLKPSDTLSLTCGISGGPFSGYYWSWIRQPPGKGLEWLGEINHSGITTYNPSLKSRGTISVDTSKRQISLKLASVTAADTAVYYCARFAYGDYGWDYSSDMDVWGKGTTVTVSS
seq2914,EVQLVESGGGLVQPGGSLRLSCVASEFTFSSYWMSWFRQAPGKGLEWVSGINWNGGSTGYADSVKGRFTISRDNAKNSLYLQMNSLKTEDTAVYYCASVITFGGVIVRSYWGQGTLVTVSS
seq2941,QVQLVQSGVEVKKPGASVKVSCRASGYTFTTNGISWVRQAPGQGPEWMAWINTFNGDTNFAQKFRDRVIVAADTSTRSPYLELRRLRSDDTAVYYCARVEGGYCSGGSCYWFDPWGQGTLVTVSS
seq2953,QVQLVESGGGLVQAGGSLRLSCAAAGRTFSSYFMAWFRQAPGKEREFVAAVDWSGGDTLYTDSVKGRFTISRDNGANTVYLQMNNLKREDTAVYYCAADRGYSLYYYQAREYEYWGQGTQVTVS
seq2956,RCPLVQSGGDLVQPGGSLRLSCEASGFTVSSNYMSWVRQAPGKGLQWVSLIYPGGSTYYADSVKGRFTVSRDNSKNTLYLQMNSLRAEDTAVYYCAREIYGCTTCSHDIPRDSWGQGTLVTVSS
seq2960,EVQLVESGGGLVQPGGSLRLSCVGLGSGFTFSTYDMHWVRRATGKGLEWVSGVGSIGDIHYGDSVKGRFTISRENSKNSLDLQMNSLTAGDTAVYYCVTRGASVSFEHWGQGTLVTVSS
seq3003,EVQLVESGGGLVQPGGSLRLSCAASEFIVSRNYMSWVRQAPGKGLEWVSVIYSGGTTYYADSVKGRFTISRDSSKNTLYLQMNSLRAEDTAVYYCARDRGDYLFDYWGQGTLVTVSS
seq3006,QVQLVQSGAEVKKPGSSVKVSCSASGDTFTRYAINWVRQAPGQGPEWMGRIIPMFGMSNYAQKFQGRVTMTADKSTRTAYMELNSLRNEDTAVFYCATSAYFSDSDGFYFEYWGRGTLVTVSS
seq3017,QVQLVESGGGLVQAGGSLRLSCAASGRTFRFSAIDWYRQAPGQQREFVASISTSGRISYGHFVKGRFTISRDNAKNTMYLQMNSLKPEDTAVYYCHLAQPDVFGGGDYWGQGTQVTVSS
seq3036,QVQLVESGGGVVQPERSLRLSCAASGFTFSSYTMHWVRQAPGKGLEWVAIISYDGSSEYYADSVKGRFTISRDNSKNTLYLQMNSLRVEDTAVYYCARVDRSGYYTWGEEHYWGQGALVTVSS
seq3062,EVQLVESGGGLVQPGGALRLTCAASGFSFSRFWMNWVRQAPGKGLEWVANIKEDGNEKNYVDSVKGRFTIFRDNAEKSLFLQMESLRGDDTAVYYCARGYRDVVVAAPIPPEAFDIWGQGTTVTVSS
seq3069,QVQLVQSGGGLVQPGGSLRLSCAASGITVNSNYMTWFRQAPGKGLEWVSLIYSGGSTFYADSAKGRFTISRDNSTNTLYLQMNSLRAEDTAVYYCARDLVVNGLDVWGHGTTVTVSS
seq3071,KVKLQQSGGGLVQTGGSLRLSCAPSGRTFSVNAMGWYRQAPGKQREPVALISTGGSTNYADSVKGRFTISRDNVKNTVYLQMNTLKPEDTAVYYCYTERWKPRGIERDWGQGTQVTVSS
seq3104,EVQLVESGGGLVQPGRSLRLSCAASGLTFDDYAIHWVRQAPGKGLEWVSGVSSNSATIGYADSVKGRFIISRDNPKNSVFLQMNRLRAEDTAIYYCAKDMNGEGPGSSHYNYYGMDVWGQGTTVTVSS
seq3125,QVQLVESGGGLAQSGDSLRLSCAASGRTFDINYMAWFRRAPGKEREFVAASSWTGVGTYYADSVKGRFTISRDNNKNTLYLQMDSLKPEDTAVYYCAADSNIDRLHSAGSDYRYWGQGTQVTVSS
seq3151,EVQLVESGGGLVQPGGSLRLSCAASGFIFSSYDMHWVRQATGKGLEWVSGIGNAGDTHYPGAVKGRFTISRENAKNSLYLQMNSLRAGDTAVYYCARAHRGYYDRSGYYHNPDAFDIWGQGTTVTISS
seq3168,QLQLVESGGDLVQPGESLRLSCVASFDDFAIGWIGWFRQAPGKEREGVSCSARGIVNTSYADSVRGRFTISRENAKNAVYLGMNSLKPEDTAVYYCAALVGLNDRSLPHEAEEYDYWGQGTQVTVSS
seq3171,QVQLQQWGAGLLKPSETLSLTCVVYGGGYYSVSWSWIRQLPGKGLEWIGSSYYTGSTHYNPSLNSRVTISIDTSKNQFSLRLRSVTAADTAVYYCASHMPFLYAFDYWGQGTLVTVSS
seq3176,QVQLVQSGAEVKKPGSSVKVSCKASGGTFPRHAFNWVRQAPGQGLEWMGRVSPILGIPQYAQNFQGTVTITADTSTSTAYMELSSLRSEDTAVYFCATAKFDDASGSYHDAFDGWGQGTLVTVSS
seq3192,QVQLVESGGGSVQAGGSLRLSCAASGRAFSDYGMGWFRQAPGKEREFVATIDSTGSNTYYADSVKGRFTISRVNAENTVYLQMNSLKPEDTAVYYCAADRFGGGRMEYRYEYWGQGTQVTVS
seq3200,QVQLVQSGAEVKKPGSSVKVSCKISGGIFVNYAVSWVRQAPGQGLQWVGGLIPILRTTDYTQKFQGRVTITADDSMTTTYMELSSLTSEDTAVYYCATGVRYCSGTTCYTAYLQDWGQGTPVTVSS
seq3202,EVQLVQSRAGLKKPGESLKISCKGSGYNFNDYWIAWVRQMPGKGPEWMGLVYPGDSDTRYSPSFQGQVTFSADKSINTAYLQWNSLRASDTATYYCARHGGPLRHIDWQNHGMDVWGQGTAVTVSS
seq3233,QMQLVQSGPEVKKPGTSVKVSCKASGFTFSSSAVQWVRQARGQRLEWIGWIEVGSGDTNYAQRFQDRVTISRDMSTSTAYMELRSLRSEDTAVYYCAAKVIGGYWYFDLWGRGSLITVSS
seq3281,QLQLVESGGGLVQAGGSLRLSCAASERTFSGGVMGWFRQRPGKEREFVAAIRWNGASTFYADSVKGRFTCSRDNAKNTGYLQMNSLTPEDTAVYYCARAVRTYASSDYYFQERTYDYWGQGTQVTVSS
seq3284,EVQLVESGGGLVQAGGSLRLSCGASGFIVRNNYMNWVRQAPGKGLEWVSSIYSGGTIHSADSVKGRFTISRDDSKNTVYLQMNNLRAADTAHYYCARGGEHYDSAGYPMYQTGAFDVWGQGTMVTVSS
seq3288,QVQLVQSGAEVKKPGSSVNVSCKASGGTLNIYTFSWVRQAPGQGLEWVGTIVPLVGKANYPHKFQGRVTITADKSTSTVNMELSSLRSEDTAVYYCASEVLDNLRDGYNFWGQGTLVTVSS
seq3296,EVQLVESGGGLVQPGRSLRLSCAASGFTFDDYAIHWVRQAPGKGLEWVSGVSWNSGTIGYADSVKGRFFISRDNAKNSLYLQMNSLRAEDTAWYYCAKIADLVGAYDFRSGQHFAAFDVWGQGTMVTVSS
seq3308,QVTLRESGPALVRPTQTLTLTCTFSGFSLTTRGLCVSWIRQSPGKALEWLARIDWDDDKYYSTSLRTRLTISKDTSKNQVVLTMTNVDTVDAATYFCARMTPAGPALDYWGQGTLVTVSS
seq3311,QVQLVESGPGRVKPSQTLSLTCTVSGDSINSGINYWNWIRQPAGKELEWIGRIFTSGTTHYNPSLKSRVTISVDRSKNEFSLTLNSVTAADTAVYFCGRGGTDDYVDYWGQGTLVTVSS
seq3323,EVQLVESGGGLVQPGGSLRLSCAASGLIVSSNYMSWVRQAPEKGLEWVSEIYAGGSTFHSGSVKGRFIISRDNSKNTVYLQMNSLRAEDSAVYYCVRDLKHDGMDVWGQGTTVTVSS
seq3332,QVQLQESGPGLVKPSETLSLTCTVSGGSISDHYWSWIRQPAGKGLEWIGRIYTSGSTNCNPSLKSRVTMSVDTSKNQFSLKLSSVTAADTAVYFCVRDQGVPGLYFSDDRYFDWLHYDANWFDPWGQGTLVTVSS
seq3334,QVQLQESGPGLVKPSQTLSLTCTVSGGSISSGGYYWSWIRQHPGKGLEWIGYIYYSGSTYYNPSLESRVTISVDTSKNQFSLKLSSVTAADTAVYYCASGELSAFGELFPHDYWGQGTLVTVSS
seq3349,EVQLLESGGGVVQPGRSLRLSCAASGFTFNNYAMHWVRQAPGKGLEWVAVIWDDGIGKHYAESVKGRFTISRDNSESTLYLQMNSLRAEDTAMYYCARDWGTQMVTYFDWWGQGTLVTVSS
seq3357,QVQLVQSGAEVKKPGASVKVSCKASGYTFTTYFIHWVRQAPGQGLDWMGWIDPYSGDTHFAQKFQGRVTMTRDTSIDTAYMELSSLRSDDTAVYYCARGGLFGVAAAGSFYYMDVWDKGTTVTVSS
seq3362,EVQLQQSGPELVKPGASVKISCKTSGYTFTEYTMYWVKQSHGQSLEWIGGINPNIDDTTYNQNFKDKATLTVDKSSSTAYMEFRSLTFDDSAVYYCARDDKASFAFWGQGTLVTVSA
seq3363,EVQLVQSGAEVKKPGESLKISCKGSGDSFTNHWIAWVRQTPGKGLEWMGLIYPGDSDTRYSPSFQGQVTFSADKSISTAYLQWSRLKASDTAIYYCARHGGALREIDWQNNGMDIWGQGTTVTVSS
seq3367,QVQLVESGGGVVQPGRSLRLSCAASGFTFSSYTLHWVRQAPGKGLEWVAVISSDGSSKYYADSVKGRFTISRDNSKNTLYLQMNSLRAEDTAVYYCARDPPPGNMGSMAQHLVLLVVFDIWGQGTMVTVSS
seq3369,QVQLQQSGAEVKKPGSSVKVSCKASGVPLSNYAISWVRQAPGQGLDWLGGITPFSGTAKHAQKFQDRVTITADESTNTVFMELSSLRSEDSAVYYCALLNRGYRSSWFERGGYYYYGMDVWGQGTTVTVSS
seq3384,QVQLVQSGAAVKKPGASVKVSCKASGYTFTSYDINWVRQAPGQGLEWMGWMNPNSGNTGFAQRFQGRATLSRDTSITTAYMELTTLRSEDTAVYYCARGRANYNSKFLLDNWGQGTLVTVSS
seq3387,QITLKESGPTLVKPTQTLTLTCTFSGFSLSTSGVGVGWIRQPPGKALEWLALIYWDDDSRYSPSLKTRLTITKDTSKNQVVLTLTNMDPVDTATYYCGHFTIDMIVGYWGQGTLVTVSS
seq3433,QITLKESGPTLVKPTQTLTLTCTFSGFSLTMPEVGVAWVRQPPGKALEWLALIYGDDNKRYSPSLESRLTITKDSSKNQVVLTMTNLDSVDTATYYCARRKFLWDSDPVAFDYWGLGTLVIVSS
seq3451,QVTLKESGPVLVKPTETLTLTCTVSGISLNNARMAVSWIRQPPGKALEWLAHILSNDEKSFSKSLTSRLTISKDSSKNQVVLRLTNMDPVDTGTYYCARIVYDSSSYYYSGDNWFDPWGQGTQVTVSS
seq3459,QVQLVESGGGLVQAGGSLRVSCVISGHQFSDYVIGWFRQAPGKEREFVGAIWWSDDITYYEDSVKGRFTVSRDNAKNTVYLQMNSLKPEDTAVYHCAVRFRPVSTYQVRSTDDYGYWGQGTQVTVS
seq3460,EVQLLESGGGVVQPGRSLRLSCAASGFIFSRYGMHWVRQAPGEGLEWVAVILYDGSDKYYAESVKGRFTISRDNSKNMLYLQTSSLRVEDTAVYYCAKADGPYCSGGSCYSADFDYWGQGTLVTVSS
seq3465,QVQLVESGGGVVQPGRSLRLSCAATGFTFRRYGMHWVRQAPGKGLEWVAGILFDGSNKYYVDSVKGRFTISRDSSRNTLYLQLNSLRREDTAVYYCAKGGDYEWELLESWGQGTLVTVSS
seq3492,EVQLQESGGGSVQVGGSLRLSCAASGFTSSRYCVGWFRQAPGKEREGVATINSGGDWTHYANSVKGRFTISQDIAKNTVDLLMNSLKPEDTAIYYCAAATFGCLLVTGPADFEYWGQGTQVTVSS
seq3505,QVQLQESGGGLVQPGGSLRLSCAASGSFFEFGTVGWFRQAPGKQRELVSRITGNDHRYYADSVKGRFTISRDNDETTVYLQMDSLKPEDTAIYHCNILEGQRWSNYWGQGTQVTVS
seq3512,QVQLVESGGGLVQAGGSLRLSCAASGIIFSKYAVAWYRQAPGKQRELVATINHSGDTKYADSVKGRFTISRDNAKSTLYLQMNSLKPEDTAVYYCNIGIWIASAHSPDGRADHWGRGTQVTVS
seq3542,VQLVQSGPEVKKPGSSVRVSCKASGGTFGSNTITWVRQAPGQGLEWMGRVIPILDIPTYAQEFQGRITVTADTSTSTAYMELSGLTSEDTAVYYCARSFGGTSGRPYFYMDVWGTGTAVTVSS
seq3545,EVQLVESGGGVVQPGGSLRLSCAASGFTFNDYGMNWVRQTPGKGLEWVSGITWDGRNTAYADSVKGRFTISRDNAKNSLYLQMNSLSGEDTAFYYCARAFCGDNCYSLLVQTETFDIWGQGTMVTVSS
seq3546,QVQLQESGPGLVKPSETVSLTCSVSGGSLSSYHWSWIRQPPGKGLEWIGHIYISASTNYNPSNYNPSLRGRVVISVDRSKNQFSLKLTSVTAADTAVYYCASLSYCGADCYTEFDYWGQGTLLSVSS
seq3578,QVQLVESGGGVVQSGRSLRLSCAASGFTFRRYGMHWVRQAPGKGLEWVAMIWYDGTNKYYADSVKGRFTISRDNSKNTLYLQMHSLKAEDTAVYYCARGFSSYDIMTGEEDAFDIWGQGTMVTVSS
seq3588,QVQLVESGGGLVQAGGSLRLSCAVSGAGAHRVGWFRRAPGKEREFVAAIGASGGMTNYLDSVKGRFTISRDNAKNTIYLQMNSLKPQDTAVYYCAARDIETAEYIYWGQGTQVTVSS
seq3624,QVQLQQSGAELVRPGTSVKVSCKASGYAFTNYLIEWVKQRPGQGLEWIGVINPGSGGTNYNEKFKGKATLTADKSSSTAYMQLSSLTSEDSAVYFCARRHYYYGVDYWGQGTTLTVSS
seq3654,QVHLVESGGGVVQPGRSLRLSCAASRFPFSDYGMHWVRQAPGKGLEWVAAISYDGTDKYYSGSVKGRFTISRDDSRNTLYLQMNSLRVEDTAVYYCARDSGRYGSGWSTTYYFGLDVWGQGTTVIVSS
seq3667,QVQLVQSGSELKKPGASVKVSCKASGYTFANYAMHWVRQAPGQGLEWMGWINTNTGNPTYGQGFTGRFVFSLDTSVSTAYLQINSLKAEDTAVYYCARGDRNYYGYEASDIWGQGTMVTVSS
seq3680,EVQLVQSGAEVKKPGESLRISCRGFGHSFTSYWINWVRQVPGKGLEWMGRIDPSDSYSNYSPSSQGHVTISADKSINTAYLHWSSLKASDTAIYYCATRLGVGATMAHDAFDFWGQGTMVTVSS
seq3697,EVQLQQSVAELVRPGASVKLSCTASGFNIKNTYMHWVKQRPEQGLEWIGRIDPSIDHTRYAPKFQGKAVITAFTSSNTAYLQLSSLTSEDTAIYYCAREGGGNYPYYYAIDYWGQGTSVTVSS
seq3707,QVQLVQSGGALVQPGGSLSLSCLVSGFIFSDYSMHWVRQAPGKGLDYVSGISSTGDITDYADSVKDRFTISRDNSKNMLYLQMSSLRVEDTAVYYCVKDIGSWKYFDVFDVWGQGTTVTVSS
seq3708,QVQLQESGPGLVRPSGTLSLTCAVTGGSISSSDCWSWVRQPPGKGLEWIGEICHGRTSNYNPSLKSPVSISVDKSKNQFSLILSSVTAADKAVYYCARSSRFLPPLPDAFDLWGQGTMVTVSS
seq3728,QVQLVQSGAEVKKPGSSVKVSCRTSGGSFGSFAISWVRQAPGQGPEWMGKIIPILGIPNHAQKFQGRVTITADKSTSTAYMDLSSLRSEDTAVYYCARDNGDYYDSSGLMTEYFQHWGQGTLVTVSS
seq3736,QVQLVQSGAEVKKPGASVRVSCKASGYTFTSYGISWVRQAPGQGLEWMGWVSPYNGNTYYAQEFQGRVTMTTDTSTSTAYMELGSLRSDDTAVYYCARVKSNSGPQLRFLEWLLFDYYMDVWGKGTTVTVSS
seq3742,HVQLVESGGGLVQAGGSLRLSCAASGRAIGIHRMAWFRQAPGKERAFVAAIQWTGDMPTYADSLKGRFTISADNAKNTVSLQMTSLKPDDTAVYYCAARSATTALYDYWGQGTQVTVSS
seq3765,EVQLVQSGGGLVQPGGSLRLSCAASGFIFGDYSMNWVRQAPGKGLEWVSYISSSSRTIYYAASVKGRFTISRDNAKNSLYLQMSSLRDEDTAMYYCARADLWGYDIVTDYSGLLDYWGQGTLVTVSS
seq3768,EVQLVESGGGVVQPGRSLRLSCAASGFLFGSYTMHWVRQAPGKGLELVAVVSHDGGSKYYADSGKGRFSISRDNSKNTVFLQMNSLRAEDTAVYYCARDAHYYDSSGAFRGSNYFDYWGQGTLVTVSS
seq3772,QVQLVQSGAEVKKPGASVRVSCKASGYTFSDYYIHWVRQAPGQGLEWMGIVNPGGQSTAYAQKFQGRVAMTSATSTSTAYMELRSLKSEDTAVYYCARDAAAVPAALGGEYWGQGTLVTVSS
seq3777,QVQLVQSGAEVKKPGSAVKVSCKASGGTSSTSAISWVRQATGQGLEWMGRIIPILGIADYAQRFQGRVTITADKSTSTVYMDLSSLRSEDTAFYYCARDLVDYGSGSYPLYFDSWGQGTLVTVSS
seq3798,QVLLVQSGAEVRKPGASVRLSCKASGYSVGTYALHWVRQAPGQGLEWMGWINSGNDYTRYSQNFQGRVTISRDTSANTAYMELNSLKSQDTALYYCAREGSDWHAIYFDLWGQGSLVTVSS
seq3807,QVQLVQSGAEVKKPGASVKVSCQASGATFTIYGFHWVRQAPGQGLEWLGWMSTYNGNTDYGQKFQGRVTVTTDTSTSTAWMELRSLRSDDTAVYYCASQRHCGGETCYFENWGQGTLVTVSS
seq3813,EVQLVESGGGLVQPGGSLRLSCAASGFRFGSYYMSWVRQAPGKAPEWVSDINTRGETTRYSDSVKGRFTIARDNANNTVFLFMNRLKPEDTAVYYCAVAASGDTFEGRSDPDYWGQGTLVTVSS
seq3842,QVQLVESGGGVVQPGRSLRLSCAASGFSFSTYAMHWVRQAPGKGLVWVAFISYDESNKYYTDSVKGRFTVSRDNSKNAVYYCAGGGVLVTSDPDAFDIWGQGTMVTVSS
seq3844,QVRLQQSGPGLVKPSETLSLTCTVYGGPVSSGGYSWSWIRQPPNKGLESIGSIYYSGGTNYNPSLKSRVTISVDMSKNQFSLKLSSVTAADTAVYYCAREVVPPAGNNWFDPWGQGTLVTVSS
seq3852,EVQLQESGGGLVQPGESLRLSCAASGRTHDWYTMGWFRQAPGKEREFVARINWSSGMTYYADSVKGRFTISRDNPKNTVYLQMNSLTPDDTAVYYCNVHPFTSPDYWGQGTRVTVSS
seq3854,VQLVQSGSELKKPGASVKISCKASGYTFTDYSMNWVRQAPGRGLEWMGWINTNTGNPAYAQAFAGRCVLSLDTSVNTAYLHISRLEADDTALYYCARDRDVLRGAMGGFAPWGQGTLVTVSS
seq3877,QLLLVQSGAEVKKPGSSVKVSCKASGGTFSDYGINWVRQAPGQGLEWMGGIILLFGIPHYAQKFQGRVTIGADESTSTAYMELRTLRSDDTAVYYCVRGLYASGSYRGSDFFYGMDVWGQGTTVTVSS
seq3910,QVQLVESGGGSVQAGGSLTLSCVASGVTLGRHAIGWFRQAPGKERERVSCIRTFDGITSYVESTKGRFTISSNNAMNTVYLQMNSLKPEDTAVYFCALGVTAACSDNPYFWGQGTQVTVSS
seq3915,QVQLVQSGAEMKKPGSSVKVSCKASGGTFSNYAINWVRQAPGQGLEWMGAIIPIFDTTDYAQRFQGRVTITADKFTSTSYLELSSLRSEDTAVYYCARGDHGRTHDILTGLTVYDYYGLDVWGQGTTVTVS
seq3921,QAHLVQSGAEVKKPGASVKVSCKTSGYTFANYGVNWLRQAPGQGLEWMGWISTYNGNTNYAHNFQGRLTLTTDTSTATASMELRSLSSNDTAIYFCARDANSDGTGYHYRGGPFNWFDPWGQGTLVTVSS
seq3922,EVQVVESGGGLVKPGGSLRLSCAASGFTFRSYSMNWVRQGPGQGPEWVSFISSGSSFRDYADSVKGRFTIYRDNAKNSVYLQMHGLRAEDTAVYYCARGGYTDNSDWYDNPNDLDYAMDVWGQGTTVAVSS
seq3924,QVQLQQWGAGLLKPSETLSLTCAVYGGSFSGYYWSWIRQPPGKGLEWIGEINHSGSTNYSPSLQSRVTISVDTSKNHFSLKLTSVTAADTAVYYCARLVREYSFGLDYWGQGTLVTVSS
seq3961,EVQLQESGGGSVQAGGSLRLSCAASGYTGSMYCMGWFRQAPGKERERVATIDSRSSVETYAGSVKGRFTISQNNAKNTVYLQMSSLKPEDTAIYYCATDNLAWCSGDYHLYKYWGQGTQVTVSS
seq3980,EVQLAESGGGVGQPGRSLRLSCEASGFRFDEYAMHWVRQAPGKGLEWVSSISWNSGSIGYADSVKGRFIISRDNAKNSLYLEMNSLRSEDTALYFCVRDEGHGSGGSLGCFDYWGRGALVTVSS
seq3983,QVQLVQSGAEVKKPGASVKLSCKASGFTFTRNSMHWVRQAPGQGLEWMGIINPSGDSIEYAQKFQGSVILTRDTSTSTVYMELRSLRSEDTAVYYCATRNPVAGGDYLQHWGQGTLVTVSS
seq4018,QVQLVQSGPEVKKPGASVKVSCQTSGYSFSDHYLHWVRQTPGQGFEWMGWIKPKSGATNSADNFQDRVTMTADASVNTAYMELSSLRPDDTAVYYCARGHRIPSAISDKYDFWGQGTLVTVSS
seq4022,QMQLVQSGAEVKKTGSSVKVSCKASGSTFTHRYLHWVRQAPGQALEWMGWITPFNGDTNYAQKFQDRVTITRDGSMSTVYMDLSSLRSEDTAMYYCAAGARWGDSYYYYGMDVWGQGTAVTVSS
seq4028,QAQLVQSGAALKKPGSSVKVSCKASGGTFSSYSISWVRQAPGQGLEWMGGIIPMLGSTKYEQKFQGRVTITADKSTSTAYMDLSSLRFDDSAVYYCARELGYSGMGSNWYFDLWGRGTLVTVSS
seq4029,QVQLVQSGAEVKKPGASVKVSCKASGYTFANYDIIWVRQANGQGLEWMGWLNPNTGATGYAHKFQGRVTMTRDTSTNIVYMELSSLSSDDSAVYYCAREVVVLPEAARRFDSWGQGTLVTVSS
seq4031,EVRLVQSGAEVKKPGDSLKISCQGLGYTFSNYWIGWVRQMSGKGLEWMGIIYNTDSDVRYNPSFQGQVTISADNSISTAYLQWTSLKASDSAMYYCARQHTNGWWVGDYWGQGTLVTVSS
seq4055,EVQLVESGGGLVQPGKSLRLSCTASGFTFEDYAMHWVRQAPGKGLEWVSGINWKSGSRGYADSAKGRFTISGNTAKNTLHLQMNSLRAEDTAFYYCAKAGVRNIAAAGPDLNFDFWGQGTLVTVSS
seq4056,QVQLVESGGGSVQAGGSLKLSCAASGYASWARKCIGWFRQAPGQEREGVAAIFDFDGSTYYSDSVKGRFTISGDNAKNTVSLQMNSLLPKDTAVYYCTVAFGTCDNWYRGRGDYWGQGTQVTVSS
seq4087,HVQLVESGGGLVQAGDSLRLSCAASERTNINYAMGWFRQAPGKERDFVAAIGWNGSIIKYAESVKGRFTISRDDAKNTVSLQMNSLKPEDTAVYYCAARIGSIANLQPREYEFAYWGQGTQVTVSS
seq4110,QVQLVQSGAEVKKPGASVKVSCKASGYTFTTHYMHWVRQAPGQGLEWMGIINPNTGTTTYAQKFQGRLTMTRDTSTSTVYMELSRLTSEDTAMYFCARDRVIGVVSIDWFDPWGQGTLVTVSS
seq4133,QVQLVQSGSEMKKPGSSVKVSCKAAGGTLNTHTFSWVRQAPGQGLEWMGRITPTVDLTNYAQKFQGRITITADTSTNTAYLELRRLRSEDTAIYYCATPLNDYYASGNLGLWGQGTLVTVSS
seq4154,EVQLVESGGGLVKPGGSLRLSCVATGFSFSDAWMNWVRQAPGKGLEWVGRIRSEIADGTTDYAAPVKGRFTISRDDARNTLYLQMNSLEIEDTAVYYCTTGVVVVVSSSPDDAFDVWGQGTMVTVSS
seq4181,QVQLVQSGPEVKKPGTSVKVSCKASGFTFSSSAVQWVRQARGQRLEWIGWIVVGSGNTNYAQKFQERVTITRDMSTSTAYMELSSLRSEDTAVFYCAAPYCNVTTCFDGFNIWGRGTMVTVSS
seq4254,QAQLVESGGALVQPGRSLRLSCAASGFTFRNYAMHWVRQAPATGLQWLAVITSDGRNKFYADSVKGRFTISREDSKNTLYLQMDSLRGEDTAVYYCVTQRDNSRDYFPHYFHDMDVWGQGTTVAVSS
seq4266,QVQLVQSGAEVKKPGASVKVSCKVSGYTFTGYVVHWVRQAPGQDLEWMGWINTGYGNTKYSQKFQGRVTISWDTSATTAYMELSNLKSEDKAVYYCASMTRMSEQTYYGMDVWGQGTTVTVSS
seq4277,QVQLVESGGGLVQPGGSLRLSCAASGFTNDFYSIAWFRQAPGKEREGVSWLSVSDNTPTYVDSVKDRFTISRHNANNTVYLQMNMLKPEDTAIYYCAAGRFAGRDTWPSSYDYWGQGTQVTVSS
seq4279,QVQLKESGPGLVAPSQSLSITCTVSGFSLSDYSISWIRQPPGKGLEWLGVIWGGGSTYYNSALKSRLSISKDNSKSQVELKMNSLQTDDTAMYYCAKHPLYYGSNSDGYYAMDYWGQGTSVTVSS
seq4284,QLQLQESGPGLVRPSETLSLTCAVSGGSITSINNFWGWIRQPPGKGLEWIGSIFYSGTTSYNPSLWSRVTISIDESRNQFSLKLSSVTAADTAAYYCARVIPAVRSSWTGFDYWGQGTLVIVSS
seq4328,QVQLQESGPGLVKASETLSLTCNVSGSSLSSFHWSWIRQSAGKGLEWIGLIYISGSTTYNPSLKSRVSMSLDTSNKQFSLKLASVTAADTAIYYCARGYCGSTNCYGWFDPWGQGTLVTVSS
seq4335,EVQLVESGGGLVKPGGSLRLSCAASGFTFSSYSMNWVRQAPGKGLEWVSSISSTNNYIYNADSVKGRFTISRDNAKNSLYLQMNSLRAEDTAVYYCARDPAGRYSYGLYYFYYMDVWGKGTTVTVSS
seq4339,QVQLQASGGGWVQPGGSLRLSCAASGFTFSSYAMTWVRQALGKGLEWVSDINYGGHTSYADSVKGRFTISRDNAKNTLYLQMNSLKPEDTAVYYCAAVAMLPFLTAVTPRPGYWGKGTQVTVSS
seq4344,EVQLVESGGGLVQPGGSLRLSCGASGFSLSNYDIHWVRQATGEGLEWVSCVGTYGDTYYSDSVKGRFTISRENARNSLYLQMNSLRLGDTAVYFCTRGSVDPTTNWYFDLWGRGTLVTVSS
seq4398,EVHLVQSGGNLVQPGGSLRLSCVASEITVSSNYMSWVRQAPGKGLEWVSVIYSGGSTFYADSVKGRFIISRDNSKNTLYLEMNNVRVEDTAVYYCARDLGPLGGNDYWGQGTLVTVSS
seq4432,QVQLVESGGGLVQAGESLRLSCAASKPTFRNFAAGWFRQTPGKDREFVAVIEYDGDSAYYADSVKGRFTISRDNAKNTVYLQMNRLKPGDTAVYICAIGGNHYDPSKYYTADEYDYWGQGTQVTVSS
seq4437,QVQLVQSGAEVKKPGSSVKVSCKASGDTFTNYAFSWMRQAPGQGLEWMGRIIPILGIVKYSQKFQDRVRISADKSTSTAYMDLSSLRSEDTAMYYCARDSEFSTSWFSRGYHGMDVWGQGTTVTVSS
seq4462,QVQLVQSGAEVKKPGSSVRVSCEVSGGTFNMYTFNWVRQAPGQGLEWMGKIIPILNVVDYPQKFQGRVAITADKSTNTAYMEMSSLRSEDTAMYYCAKDLVSSTSGGFDYWGQGTLVTVSS
seq4471,EVQLVESGGGLVKPGGSLRLSCAASGFTFSNAWMSWVRQAPGKGLEWVGRIKRKSDGGTTDYAAPVKGRFTISRDESKNTLYLQMNSLKTEDTAIYYCTTDRGIQLWIYGMDVWGQGTTVTVSS
seq4474,QVQLVESGGGLVQAGGSLRLSCAASGGTFSSYAMGWFRQTPGKEREFVGAISRSGGGTSYLDSVKGRFTISRDNAKNTMYLQMNSLKPEDSAIYYCAGGTYGSTSVRDFGPWGQGTQVTVSS
seq4484,EVQLAQSGAEVKKPGESLRISCKGSEYSSTNYWISWVRQMPGKGPEWIGRIYPGDSYTTYNPSFQGHVTISADKSISTAYLQWSSLKASDTAMYYCASQQVERMGYYYMDVWGEGTTVTVSS
seq4530,QVQLVQSGTEVKKPGSSVKVSCKASGGALNNHAISWVRQAPGQGLEWMGRIIPILSIPNYAQKFQGRVTITADKTTSTAYMELSSLRSDDTAVYYCARESYSYSSGVPGTAGSWFDPWGQGSLVIVSS
seq4531,QVQLEQSGAEVRKPGSSVMVSCKASGGTFSNYAVSWVRQAPGQGLEWMAGIVPVFDTTYYAQKFQGRVTITADVSTNTVYINVNSLRPDDTAVYYCAGHSSSPSASYSYSYYMDVWGKGTTVTVSS
seq4541,EVQLQESGGGSVQAGGSLRLSCAASGYTSEYTYDKYYNYMGWFRQAPGKERETVATINSRDITYYGDSVKGRFTISQDIAKNTVYLQMNSLKPEDTAMYYCATGRLGSSWNSWGQGTQVTVSS
seq4549,QVQLVQSGAEVKKPGSSVKVSCKASGGTFSSHSISWVRQAPGQGLEWMGRIFPILGVPNYGHHFQDRVTITADKSTSTAYLELTSLRSQDTAVYYCAREALAPANTWYFDLWGRGTLVTVSS
seq4567,EVQLVESGGGLVQPGRSLRLSCTASGFNFGDYAVSWFRQAPGKGLEWLGFIRSRDYGGKTAYAASVKDRLTISRDDSKSTAYLQMSSLETEDTAVYYCTRGAGSLQWELLRYFDYWGQGTLVTVSS
seq4570,QVQLVESGGGVVQPGSSLRLSCAASGFTFSNYDIHWVRQAPGKGLEWVAVISRDGSSKFYADSVQGRVGISRDNSKTTLHLSSLREEDTAVYYCAKEQTYDTMTGLYYFDSWGQGTLVTVSS
seq4590,EVQLVESGGGVVKPGGSLRLSCAASGFTFSAFAMHWVRQVPGKGLEYISLISEDGYSTFYAASVTGRFTLSRDNNKKSLYLQMNSLRSEDTAFYYCAKDIGGTVAGTGADFWGQGILVTVSS
seq4601,EVQLLESGGGLVQPGGSLRLSCAASGLIFSTYAMNWVRQAPGKGLEWVSGISGSGGSSYHADSVKARFTISRDNSKNTLYLQMNSLRAEDTAVYYCAKFDSSSFLENYYYYYMDVWGKGTTVTVSS
seq4604,EVQLVESGGGLVQPGGSLRLSCAASGFIVSRNYMSWVRQAPGKGLEWVSVIYSGGSTFYADSVKGRFTISRHNSKNTLYLQMNSLKAEDTAVYYCARELRGYFDYWGQGTLVTVSS
seq4606,QVLLVQSGAEVEKPGASVKVSCKASGYTFTNYYIHWVRQAPGQGLEWMGMINPSGGSTTFAQKFQGRVTMTSDTSTYTVYMEVSGLISEDTAVYYCARDGGSAASHYYYYMDVWGKGTTVTVSS
seq4607,EVQLVESGGGLVQPGRSLRLSCKTSGFIVGDHCMSWVRQAPGKGLEWVGFMRSNTLGGTAEYAASVEGRFTVSRDDSKGIAYLQMNSLKTEDTAVYYCSRMGIMVSTYLGYYYAMDVWGQGTTVTVS
seq4617,EVQLVETGGGLVQPGGSLRLSCAASDFVVGGNDMSWVRQAPGKGLEWVSGIYSGDTTFYADSVKGRFTISRDRTKNTLYLEMNSLRPEDTAIYYCASQVAGTFDYWGRGAQVTVSS
seq4629,QVQLVESGGGVVQPGRSLRLSCAASGFTFGSYGMHWVRQAPGKGLEWVAVISDDGSNKYYADSVKGRFTISRDNSKNTLYLQMNSLRAEDTAVYYCAKDFGSTGTTLGYYGMDVWGQGTTVTVSS
seq4634,QVQLVQSGAEVKKPGASVKVSCKTSGYFVDSYAIHWLRQAPGHRLEWMGRIDAGSGDTDYSHKFQARVAITRATSASTAYMELSSLTSEDTALYYCAKDYYGSGIYYLDSWGQGTPVTVSS
seq4636,QVQLVQSGAEVKKPGASVKVSCKASGYSISTHSMTWVRQAPGQGLEWMGWVSGYNGDTNYAQRLQDRVTMTTEISTSTAYLELRSLRSDDTAVYYCARGKYDILSGYVWLDPWGQGTLVTVSS
seq4644,QVQLEQSGGGVVQPGRSLRLSCAASGFTLSSHSMHWVRQAPGKGLEWVALISLGANNKYYADSVKGRFTISRDNSKNTLYLQMNSLRAEDTAIYYCTREISGGTKGMYSGSYFLFSGFDYWGQGTLVTVSS
seq4654,QVQLQASGGGLVQAGGSLRLSCAASGVIFSLNYMGWYRQAAGKGRELVATINRSGGASYGDSVKGRFTISRDNAKNTVDLQMNSLKPEDTAVYYCANVIGTVNAYGAASKPAYWGKGTQVTVSS
seq4656,QVQLQESGPGLVKPSETLSLTCTVSGGSVSSGSCYWSWIRQPPGKGLEWIGYIYYNGRTNYNPSLKSRVTISLDTSRNQFSLKVTSVTAADTAVYYCAREPIVVPAAIPPYGLDVWGQGTTVTVSS
seq4661,EVQLVESGGGTVQPGGSLRLSCEVSGTGFTINAMGWDRQAPGKQRELVATITRGDRIHYADSVKGRFAISRDKDKNTVYLEMNNLKPEDTAVYYCDVAAFDSSDYEVLDSWGQGTQVTVSS
seq4665,QVQLVESGGGLVQPGGSLRLSCVASITMNSIVARAWYRQAPGKEREFIASITTDDITNYADSVKGRFTISRDHGKNTVYLQMNSLKPEDTAVYYCHLRTFRRAGADTIPYWGQGTHVTVSS
seq4687,QVQLVESGGDVVQPGRSLRLSCAASGFTFSTSVMHWVRQAPGKGLEWVAVISDDGSIKYYVDSVKGRFTISRDNSKNTLFLQMNSLTPEDTAVYYCAKDVEAVVSATDVLEHWGQGTLVTVSS
seq4709,QVQLVESGGGLIQPGGSLKLSCVVSGFTVSKNYISWVRQAPGKGLEWVSVIFAGGSTFYADSVKGRFAISRDNSNNTLFLQMNSLRVEDTAIYYCARGDGELFFDQWGQGTLVTVSS
seq4754,QVQLVESGGGLVRPGGSLRLSCVGSGFTFSGYAMNWYRQAPGKALELVAGISNAGDLTHYEEPMKGRVAISRANDKNTVYLQMDDLKPEDTAVYRCHAPGVRVGTGERKDVWGQGAQVTVSS
seq4779,QVQLQESGGGLVQPGGSLRLSCVASGITLDYYAIGWFRQAPGKEREGVSCLSSSDGSTYYADSVKGRFTMSRDNVKNTVYLQMNSLKPEDTAVYYCATNPLTVVDGTFHLTCLDEYDYGGQGTQVTVSS
seq4789,QVTLRESGPALVKPTQTLTLTCAFSGFSLYNAGMCVSWIRQPPGRALEWLARIDWDDDEFYSTSLRTRLTISKDTSKNQVVLTVTNMDPGDTATYYCARTAIGGFNWYFDYWGPGTLVTVSS
seq4814,QVQLVESGGGLVQAGGSLRLSCAVSGIAVRASTMGWYRQAPGKQRELVATINIGGSTNYADSVKGRFTIARDNAENTAYLQMNSLKPEDTAVYYCKAQYYTGYDYWGRGTQVTVS
seq4840,QVQLVQSGAELKKSGASVRVSCQASGYTFTDYYFHWVRQAPGQGLQWMGWISPKTGGTRHAQKFQGRVTMTRDTSITTVYMDLNSLTSDDTAIYYCARAGWQGPTSVNWAPLDSWGQGTLVTVSS
seq4843,QVTLKESGPVLVKPTETLTLTCTVSGFSLSDVRMGVSWIRQPPGKALEWLAHIFSNDEKSYSTSLKSRLTISKDTSKSQVVLTMTNMDPVDTATYYCARTAPSLYYSDSSGPYYYYYGMDVWGQGTTVTVSS
seq4849,VVQLVQSGAEVKKPGESVRISCKGSGYSFTTYWISWVRQMPGKGLEWMGRIDPSDSYTHYSPSFEGHVTISVDKSVSTAYLQWSSLKASDTAMYYCARQGRWLVPEAEGAWDYNYMDVWGEGTTVTVSS
seq4856,QVQLVESGGGLVQAGGSLRLSCAASGFPVQGTWMEWYRQAPGKEREWVAAITSVGYRTYYADSVKGRFTISRDNAKNTVYLQMNSLKPEDTAVYYCNVKDEGAIAKNYDYWGQGTQVTVSS
seq4871,QVQLVESGGGLVQAGDSLRLSCAASGYTITNYWMAWFRQAPGKERESVATITYGAGMKYYADSVKGRFTISRDNTKNTVYLQMESLKPEDTAVYYCRSPQRPYSGFGSDDYWGQGTQVTVS
seq4882,QVTLRESGPALVKPTQTLTLTCTFSGFSLSTHGMCVSWIRLPPGKALEWLARIDWEDDKYYSTSLKTRLTISKDTSKNQVVLTMTNMDPVDTGRYYCARSPSSGQYWPVLIDYWGQGTLVTVSS
seq4893,QVQLQQWGAGLLKPSETLSLNCTVHGGPFRNFYWSWIRQSPGMGLEWIGEISHTGSTNYNPSLRSRVTISLDTPKSQFSVTLTSVTAADTAVYYCARETVGAAGYGAFDLWGQGTMVSVSS
seq4911,EVQLVQSGAVLKKPGESLKISCTGSGYSFTNYWIAWVRQRPGKGLEWMGIIYPGDSDTRYNPSFQGQVTFSTDMSTAYLQWNSLKASDTAIYYCATSRGGAYDPYGDYPHWGQGTLVTVSS
seq4927,EVQLVESGGGLVQPGGSLRLSCAASGFTFYSYWMTWVRQAPGKGLEWVANIKHDESESHYVDSVRGRFTISRDNAKNSVYLQMKGLRAEDTAVYYCARDGGYNILTAYYHAPSYWGQGTLVTVSS
seq4930,EVQLVESGGGLVQPGGSLRLSCAASGFTVSSNYMSWVRQAPGKGLEWVSVIYSGGSTYYADSVKGRFTISRHNSKNTLYLQMNSLRAEDTAVYYCARGYGDYYFDYWGQGTLVTVSS
seq4944,QIQLVQSGPELKKPGETVKISCKASGYTFTKYGINWVKQAPGKDLKWMGWINTYTGEPAYGDDFKGRFAFSLETSTNTAYLQINNFKNEDTATYFCARNGAMDYWGQGTSVTVSS
seq4954,QITLKESGPTLVKPTQTLTLTCTFSGFSLSTSGVGVGWIRQPPGKALEWLALIYWDDDKRYSPSLKSRLTITKDTSKNQVVLTMTNMDPVDTATYYCAHTWDKTSWTDNNWFDPWGQGTLVTVSS
seq4980,EVQLQESGGGLVQPGGSLRLSCAASGFTFSSYALGWYRQAPGKEREWVCAISGSGGSTYYADSVKGRFTCSRDNSKNTLYLQMNSLKPEDTAVYYCARVYQFYGARDYGYPYDFDYWGQGTQVTVSS
seq5001,QVQLVESGGGLVQAGGSLRLSCTASGYDFSILAIAWYRQAPGKERELVAAISRVGSTDYADSVKGRFTISRDNTKNTVSLQMDSLKPEDTAVYYCNAGIPMTTVLSGLGFWGQGTQVTVSS
seq5005,QVQLVQSGAEVKKPGASVKVSCKASGYTFTSSEINWVRQATGQGLEWMGWMNPNSGDTGYAQKFQGRVTLTRSTSTNTAYMELSSLGSEDTAVYYCARGRDYYERGTYFNPHGPYYYYGMDVWGQGTTVTVSS
seq5053,QVQLVESGGGRVQAGGSLRLSCAVSGSTFSSDVMAWYRQPPGKQREWVASFSSSGSGNYAASVKGRFTISRENAKNTVYLQMNSLKPEDTGVYYCHAAHVNGGDSWGQGTQVTVS
seq5089,EVQLVQSGVEVRKPGESVRISGKSSGYRFSNYWISWVRQMPGKGLEWMGTIDPSDYYTNYGPSFQGHVTRSGDKSISTAYRQWSSLKASDTAMYYCAKHKFFGELPIRGFDPWGQGTLVTVSS
seq5091,EVQLVESGGGLVQPGGSLRLSCAASGFTVSDNYMSWVRQAPGKGLQWVSVIYSGGNTYYADFVKGRFNITRDDSKNMLYLQMNSLRREDTAVYYCVRDRRIVGYYFGLDVWGQGTTVTVFS
seq5104,EVQLVESGGGLVQPGGSLRLSCAASGFTFSSYAMSWVRQAPGKGREWVAGITPGSGTFYADSVKGRFTISRDNAKNTLSLEINSLKPEDTALYYCAKCRQEFSWDFSSRDPDDFDYWGQGTQVTVSS
seq5119,DVQLVQSGAEVKKPGESLKISCKGSENNFVNHWIGWARQMPGKGLEWMGVIYPGDSETKYSPSFKGQVTFSVDTSISTAYLQWSSLKASDTAMYYCASRNWGYYSYGMDVWGQGTTVTVSS
seq5130,EVQLVESGGDLVQPGKSLTLSCTASGFTFEDYAMHWVRRVPGKGLEWVSGVSWNSGIIDYADSVKGRFTISRDNAKTSLYLHMRRLRPEDTALYYCAKGRGSAYDYGSGTYEGGYFDYWGQGTLVTVSS
seq5137,QVQLVESGGGVVQPGRSLRLSCAASGFTFSTYAMHWVRQSPGKGLVWVALVSYDGSNKSYSDSVKGRFTISRDNSKNTLFLQMNSLRAEDTALYYCAKNIYSYGSTSYFDYWGQGTLVTVSS
seq5153,EVQLVESGGGLVQPGRSLRLSCAASGFTFDDHAMHWVRQAPGKGLEWVSGITWNTDNIGYADSVKGRFTISRDNAKNSLYLQMNSLRVEDTALYYCVKDIVDSGWYYFDYWGQGTLVIVSS
seq5172,QVQLQESGPGLVKPSETLSLTCNVSGGGSISRYNWNWIRQSAGKGLEWLGQMYSSGSTSFNSSLKSRVSMSLDTSKNQFSLMLTSVTAADTAVYYCVRVLPGLAENWFDSWGQGILVTVSS
seq5195,AQLVESGGGLVQPGGSLRLSCSASGFTFSSYSMYWVRQAPGRELEYVSAISRHGDLTYYSDSVKGRFSISRDNSQNTLDLQMSSLRAEDTALYYCVKDIGKQLSYDVFEIWGRGTMVTVSS
seq5202,RCTLRAVWGRLGTAWQVLTLSCTASGFTFEDYAIHWVRLLPGKGLEWVSGVSWNSGVIDYVDSVKGRFIISRDNAKNSLYLHMRSLRPEDTALYYCVKLYSGGRDYDFRSGSQNGNGNGMDVWGQGTTVTVSS
seq5218,QVQLQQWGAGLLKPSETLSLTCAVYGGSFSDYYWSWIRQPPGKGLEWIGENNHSGKTNYNPSLENRVTISVDTSKNQFSLKLTSVTAADTAVYYCARESGSYGTFDYWGQGTLVTVSS
seq5239,EVQLVQSGAEVKKPGEPLKISCSVSGYKFTSYWIGWVRQMPGKGLEWMGIIYPGDSNTRYSPSFQGQVTISVDKSISTAYLQWSSLKASDTAMYYCARLYYYGSGSYYNPDPDWFDPWGQGTLVTVSS
seq5245,QVHLVQSGAEVKKSGSSVKVSCKASGGDFGTSAISWVRQAPGQGLEWMGGILPIFHSRNSAQKFQGRLTISADASTSTAYMELTGLTSEDTALYYCASGGVGPTVSSFFDSWGQGTLVTVSS
seq5253,EVQLVESGGGLVQPGESLRLSCAASGFSFRTYPMHWVRQAPGKGLEYVSSISSNGGAFYADSVKGRFTISRDNSKNTLYLQMGSLRAEDMAVYYCAREGGDYSVVLDYWGQGTLVTISS
seq5272,QVQLVQSGAEVKKPGASVKVSCKASGYTFTNYYIHWVRQAPGQGLEWMGIITPSGSSTSYAQKFQGRVTMTRDTSTSTVYMELSSLRSEDTAVYYCARRGVVHDSSGYTFGNWFDPWGQGTLVTVSS
seq5280,EVQLVQSGAEVRKPGASVKVSCKASGYSFTIYTIHWVRQAPGQGLEWMGWINAGNGNIKSSQKFQGRLTITSDTSASTAYMELSSLRSEDTAVYYCARQPREFYDRIGFYHVENYFEKWGQGTLVTVSS
seq5319,QVRLQESGPGLVKPSGTLSLTCAVSGGSVSSTNWWSWVRQPPGKGLEWIGDIHHGGNTNYSPSLKSRVTISVDRSKNQFSLELNSVTAADTAIYYCAREGLVARGNYFDYWGPGIMVTVS
seq5349,QVQLVQSGTEVKKPGSSVKVSCKASGGPFSGYVINWVRQAPGQGLEWMGGIIPVFETVKYAQKFQGRVTITAGESASTAYMELNSLRSEDTAVYYCAKSKYHSGYDVLTGRADFSLPFDYWGQGTLVTVSS
seq5406,EVQLVESGGGLVKPGGSLRLSCVASGFTFSSYSMNWVRQAPGKGLEWVSSISRSDTTTYYADSVRGRFTISRDSAKNSLYLQMNSLRAEDTAVYYCARGDLWGFDLVMEVAGHFDYWGQGTLVTVSS
seq5420,QVQLVESGGGQAQAGDSLRLSCAASGDTFSSAPMGWFRQAPGKERELIAGISWSALNTYYADSVKGRFTISREDAKNTVYLQMNSLKQEDTAVYHCAARTRSHFYSEVYRRASDYDFWGQGTQVTVS
seq5426,QVQLVQSGAEVKKPGASVKVSCKASGYSFTTFYIHWLRQAPGQGLEWMGIVNVAGDTTDYAQNFQGRVTMTRDTSTGTVYMELSSLRSEDTAIYYCASPREKGYSGYDFWETTFDIWGQGTMVTVS
seq5430,QVQLVQSGAEVKKPGSSVKVSCEASGDTFSKYAINWVRQTPGQGLEWMGRIIPMFDISNYAQKFQGRLTLTADKSTSTAYMELSGLISNDAAIYYCATSAYQYNSDGYFLQYWGQGTLVTVSS
seq5442,QVQLVESGGGLVQPGGSLRLSCAASGFIFDDYAIHWVRQGPGKGLEWVSGISWNSGSIGYGDSVKGRFTISRDNAKNSLYLQMNSLRAEDTAFYYCAKGGRRAAMLLNYFDYWGQGTLVTVSA
seq5451,EVQLVQSGAEVKKPGASVKVSCKASGYTFNVYAINWVRQAPGQGLEWMGRIIPILGIANYAQKFQGRVTITADKSTSTAYMELSSLRSEDTAVYYCARDYYGSGARGFDYWGQGTLVTVSS
seq5457,QVQLVESGGGSVQPGGSLRLSCTASGGSEYATFGHYAGWFRQAPGQEREAVSAIAGAGDRRAYADSVKGRFTISRDNSKNTVTLQMNNLRAEDTAIYYCAAIDTEYGQNIWGQGTQVTVSS
seq5493,QVQLVESGGGVVQPGRSLRLSCAASGFTFSTYAIHWVRQAPGKGLEWVAAISYDGSNKYYSDSVKGRLFISRDNSNNTVYLQMNNLRAEDTAIYYCARDGTIVTLVRGVMGPPFDYWGQGTLVTVSS
seq5543,QVQLLQSGAEVKKPGASVRVSCKASGYSFSNFYIHWVRQAPGQGLQWMGIINPGGDSTSYAKKFQGRIIMASDTSTSTVYMDLSGLRSADTAVYYCARGGIVPAATQDFDYWGQGTLVTVSS
seq5552,EVQLLESGGGLVRPGGSLRLSCAASGFTFNNYAMHWVRQAPGKGLEWVSGISSRGDLKFYADYARGRFTISRDNSKNTLFLQMSSLSAEDTAVYYCAKEDNYYDSTGYYYVSWGQGVLVTVSS
seq5560,QLQLQESGPGLVKPSETLSLTCTVSGGSISSSSYYWGWIRQPPGKGLEWIGSIYYSGSTYYNPSLKSRVTISVDTSKNQFSLKLSSVTAADTAVYYCARGIAARPGDWHFDLWGRGTLVTVSS
seq5589,EVQLVESGGGVVQPGGSLRLSCAASGFTFDDYAMNWVRQAPGKGLEWVSLISGDGDSPSYSGSVKGRFTISRDNSKNSLYLQMISLRTEDTALYYCARESPKLTGYFDYWGQGTLVTVSS
seq5593,EVQLLESGGGLVQPGGSLRLSCVASGFTFSNYAMSWVRQTPGKGLEWVSAISGSGTGAYYADPVRGRFTTYYADSVQGRFTISRDNSKNTVYLQMNSLRAEDSAVYYCAKDPPNYYYYGSGSFEYWGQGTLVTVSS
seq5600,QVQLVESGGGLVQAGGSLRLSCAASGSTFDNYPVTWYRQAPGKQREFVASIRSGHITNYANSVKGRFTMSKDNAKNTVYLEMNNLKPEDTAVYYCYTVDAQSDYWGQGTQVTVS
seq5625,QVQLVQSGGGLVQPGGSLRLSCAASGFTFVNYAINWVRQAPGKGLEWVSAISGNGDITYYADSVKGRFTISRNNSKTTLYLQMNSLRAEDTALYFCARGALYCSGGSCLGGSFLDAFDIWGQGTMVTVSS
seq5632,DVHLVESGGGLIQPGGSLRLSCAASEFIVSANYMSWVRQAPGEGLQWVSVIYPGGSTFYAESVKGRFTISRDNSRNTLYLQMNSLREADTGVYYCARDYGDFYFDYWGQGTLVTVSS
seq5640,QVQLVQSGAEVKKPGSSVKVSCKSSGDFLSNYAISWLRQAPGQGLEWVGGIIPIFGSENYAQKFQGRVTITADESTSTAYVELTSLRSEDTAVYYCARFEGATYYFDSRGYPDSSGNSPKMDVWGQGTTVTISS
seq5645,QVQLQESGGGLVQAGGSLRLSCAASGYTNSRYYMGWFRQAPGKEREFVAAISAIGRTYYADSVKGRFTISRDNAKNTVYLQMNSLKPEDTAVYYCAASDRLSGLRSYGYWGQGTQVTVSS
seq5650,EVQLVQSGAEVKEPGSSVKVSCEASGGDFSNSAITWVRRAPGQGLEWLGEVIPVSNPPNYAQKFQGRITIIADESTNTAYMELSSLRFEDTAIYYCAKVADLGQQLDSPTVYHYYYYMDVWGKGTTVTVSS
seq5651,EVQLVESGGGVVQPGRSLRLSCTASGFTFRTYGMHWVRQAPGKGLEWVAVISYDGSNKYYGDSVKGRFTISRDDSKNTLYLQMNSLRAEDTAVYYCAKMGGGPYCGGGNCYSGYFDYWGQGTLVTVSS
seq5670,QVQLVESGGGVVQPGRSLRLSCAASGFSFTAFGIHWVRQAPGKGLEWVALVSEDGFNAYYADSLKGRFTISRDNSMHTVFLQMTSLRAEDTALYYCVRDSEFNNWKGSGAFGVWGQGTMVTVSS
seq5683,QVQLQQSGAEVKKPGASVKVSCKASGYTLSSYYIHWVRQAPGQGLEWMGIIDPRGGGASYAQNFQGRVTMTRDTSTSELYMELSSLRSEDTAVYYCARGVSTEHSTGWHRGDWDYWGQGTLVTVSS
seq5688,QVQLVQCGGGLVQHGGSLRLSCAASGFSFGSYVMSWVRQTPGKGLEWVSGISGSGGSTYYAEAVRGRFTLSRDVSKDTLFLQLNSLKAADTAIYYCARGRNGWYLGADSWGQGTLVTVSS
seq5691,QVQLLQSGAEVKKPGSSVTVSCKASGGTFTNSAINWVRQAPGQGLEWIGGIIPIIGPTSYAQKFQGRVTITADESSTTAYLDLRSLRSDDTAVYYCAKAHCGDCTPPRGYYFYYFGMDVWGQGTTVTVSS
seq5703,QVQLQESGPGLVKPSETLSLTCSVSSGSVSSDNYYWSWIRQPPGKGLEWIGYVFYSGGTNYNPSLRSRVTMSVDTSRNQFSLKLRFVTAADTAVYYCARDRPTNTSWSNAFDIWGQGILVTVSS
seq5708,QVQLVQSGAEMKNFGSSVKVSCKASGGTFSINWVRQAPGLGLEYMGRIIPALDRAIYTQKFQGRVTITADKSTSTVYMELSGLRSEDTAVYYCARSVVGPTPNYFDPWGQGTLVTVSS
seq5751,DVQLVESGGGLVQAGGSLKLSCTASESTFNFNHIDWYRQAPGKQRESVAVITNTDVTNYADSVKGRFTISRDNAKNTVYLQMNSLKPEDTAVYLCNAWRFGPTGVKVDYWGQGTQVTVSS
seq5759,QVQLVESGGGSVQAGGSLRLSCAASGYTINTDAVAWFRQAPGKGDERVAVIYTGSGNTNYADSVKGRFTISQDNAKNTVYLQMNSLKPEDTALYYCASGYYGASGYDFNNWGQGTQVTVSS
seq5760,QVKLEESGGGSVQAGGSLRLICTAPGLTHNNCGLDWYRRAPGKEREFVSSISADGTTSYADSVKGRFTISKDKVEDTVYLQMNSLKPEDTAIYSCKTAFPYFGNSCVLDYWGQGTSVTVSS
seq5766,QVQLVQSGTEVKKPGASVKISCKASGYSFNSHYMHWVRQAPGQGLEWMGIINPSAGSTTYAQKLQGRVTMTSDTSTTTVYMELRSLRSEDTAVYFCATDIAVVPATMSLEFWGPGTLVTVSS
seq5776,QVQLVESGGGLVQAGGSLRLSCAASGITFSNYGMVWWRQAPGKQREFVASISSGRDTNYADFVKGRFTISRDNAKNTVHLQMNSLKPEDTAVYYCYTVTDRSDYWGQGTQVTVS
seq5779,QITLKESGPTLVKPTQTLTLTCTFSGFSLTTGGVGVGWIRQPPGKALEWLALIYWDDDKRYSPSLETRLTITKDTSKNQVVLTMTNMGPADTATYYCAHRRKLGYFISGHFGYWGRGTLVTVSS
seq5781,QLQLQASGPGLVKPSETLSLTCTVSGGSISSTTHFWGWIRQPPGKGLEWIGSIFYSGRTHYTPSLKSRVAMSVDTSKNQVSLRLRSVTAADTAVYYCARLVDVGVAGTSGYYFDYWGQGTLVTVSS
seq5788,EVQLVESGGGLVKPGGSLRLSCEVSGFIFSSYSINWVRQAPGKGLEWVSSISGSSTFKFSAESVEGRFTISRDNARNSAYLQMNSLRVEDTAVYYCATNYVSLGSHVDAEYFHHWGQGTLVTVSS
seq5794,QVQLQQSGAEVKKPGASVKVSCKASGYTFSNYAIHWVRQAPGQGPEWMGWINPANNNIKYSEKFQGRVTFTRDTSASTGYMEMGSLTSEDTAVYYCARGVSPNTVVGLGYYYYMDVWGRGTTVTVSS
seq5801,EVQLVESGGGLVQPGGSLRLSCAASGFTVTSTYMTWVRRAPGKGLEWVSIIYNDDTTYYADSVKDRVTVSRDDSKNTLYLQMNSLRAEDTAIYYCARGGYYYDPSGYYSRSFSFDYWGQGTLVTVSS
seq5843,QVQLVQSGAEVRKPGSSVKVSCKTSGGTFSTSAIHWVRQAPGQGPEWMGGIVPMFRSVDYAQKFQGRVTISADESTRTVYMELRSLRSEDTAVYYCAKDYEDSREYSGYDWTVSTWFYPWGQGTLVTVSS
seq5856,QVQLVQSGSELKKPGASVKVSCKASGYILSDYAMNWVRQAPGQGLEWMGWINTKTGNPKYAQGFTGRLVFSLDTSVSTAYLQISSLKNEDTAVYYCARDSGLLSFGDLFQAFDIWGQGTMVTVS
seq5875,EVRLVESGGGLVQPGGSLRLSCAASGFTFSDYYISWVRQAPGRGPEWVGFIRNVLYRGTTEYAPSVKGRFIISRDDSRAIASLQMNGLKADDTAVYYCALGASGTDRDWFDVWGPGVLVTVSS
seq5884,HVQLVESGGGLVQAGGSLRLSCAASERTFTSYVVGWYRQAPGKGREFVARINEIGDITYYADSVKGRFTISRDNAKNTVYLQMSALKPEDTAVYYCGARKDSVVLSSVGYDYWGQGTQVTVSS
seq5890,QVQLQESGPGLVKPSETLSLTCTVSGDSINSDIYYWGWVRQPPGKGLAWIGLINYRGSTDYSPSLKSRVTIAVDTSKNQFSLKLSSVTAADTAVYFCARGTHTYPHQSHNYYYYNGMDVWGQGTTVTVSS
seq5985,QVQLQQWGAGLLKPSEILSLTCAVNGGSFSGFCWSWIRQPPGKGLEWIGEVDHSGGTNYNPSLKSRVTISVDTSQNQFSLKLTSLTAADTAVYYCARGGPRPIYDMLTGDVDYYYYGMDVWGQGTTVTVSS
seq5988,EVQLVESGGGLVQPGKSLRLSCAASGFTFDDYAMHWVRQAPGKGLEWISTINWDHGSVDYADSVRGRFTISRDNAKKSLYLQMSSLRAEDTALYYCTKDMGWGGVVTGLGGQFEYWGQGTLVTVSS
seq6001,QVQLQESGPGLVKPSQTLSLTCTVSGGSISSGGYYWSWIRQHPGKGLEWIGYIYYSGSTYYNPSLKSRVTISVDTSKNQFSLKLSSVTAADTAVYYCARGGSGSGWYGGRFDYWGQGTLVTVSS
seq6041,QVQLVQSGAEVKKPGSSVKVSCKASGDIYSTYASSWVRQAPGQGLEWMGRIIPVSGTVNYADNFQGRVTITADKSTSTAYMELRSLTSEDTAVYYCARDVARGGYSGTDFFDYYYGMDVWGQGTTVT
seq6056,EVQLLGSGGGLVQPGGSLTLSCAASGFTFSSYTMTWFRQGPGKGLAWVSSISRSGGGAFHADAVKGRFTISRDNSKSTLYLQMNSLRVEDTAVYYCAKDFGDSVGEYFDYWGQGILVTVSS
seq6059,QVQLVESGGGVVQPGRSLRLSCAAPGLSFRNYGMHWVRQAPGKGLEWVAFIFFDGSNKYHADSLKGRFTISRDNSKNTLYLQMNSLRAEDTAVYFCARDRSGKDVLTGYPMFPAGMDVWGKGTTVTVSS
seq6095,QVQLQESGPGLVKPSETLSLTCTVSGDSISGNYWSWIRQPPGMGLEWLGHIYSTGSTDYNPSLKGRVTMSVDTSRKQLSLKVASVTAADTAMYYCARYKDTTVLSPYFFDHWGQGILVTVSS
seq6115,QVQLQESGPGLVKPSETLSLTCIVSGGPISSYYWTWIRQPPGKGLEWIGYVYYSGHTDYNPSVKSRVTISIDRSRNQFSLNLRSVSTADTAVYYCARGSGPYDMLTGTPGYKFDQWGQGTLVTVSS
seq6126,VHLVESGGGLVKPGGSLRLSCAASGFTLSTYSMNWVRQAPGKGLEWVSSISSSSSLMFYADSVKGRFTISRDNAKNSLYLQMNSLRADDTAVYYCARELSSTMTADFDLWGQGTLVTVSS
seq6151,QVQLVQSGAEVKKPGSSVKVSCKASGGTFRSHVISWVRQAPGQGLEWMGGFIPLFGTTIYAQAFQGRVMISADESTSTAYMELSSLRSEDTAVYFCARLFPNGDPNSPEDGFDIWGQGTLVTVSA
seq6182,EVKLVESGGGLAQPGGSLRLSCAASGFTFTNYDMHWVRQRAGKGLEWVSSIGSAGDTYYAASVKGRFTISRETDLYLQMSDLRVGDTAVYYCTRVGYGDYDLLGMDVWGQGTMVTVSS
seq6193,QVLLQESGPGLVKPSQTLSLTCTVSGGSISNGSYYWSWIRQHPGKGLEWIGYIYYSGSTYYNPSLRSRVTISLDTSMNQFSLKLSSVTAADTAVYYCARIYRGTMVVVFSDLHWYFDLWGRGTLVTVSS
seq6198,HVQLVESGGGLVQAGGSLTLTCAASGRTFSSETMDMGWFRQAPGKEREFVAADSWNDGSTYYADSVKGRFTISRDSAKNTLYLQMNSLKPEDTAVYYCAAETYSIYEKDDSWGYWGQGTQVTVSS
seq6204,EVQVVESGGGLVQAGGSLRLSCAASGSTSNLRVTGWYRQTPGKQRELVAAISNAGATVYPDSVAGRFTLSRDNAKNTVTLQINSLKPEDTAVYYCNARRFGRDYWGQGTQVTVSS
seq6254,QVQLVQSGAEVKRPGSSVKVSCKASGGPFSNNVISWVRQAPGQGLEYMGRIIPIPGITNYAQRFQGRGTFTADKSTRTAYLELNNLRSEDTAVYYCATSEVVDADTSYDALDIWGEGTMVTVSS
seq6309,EVQLVESGGVVLQPGGSLRLSCETSGFTFDEYAMHWVRQAPGKGLEWVSLITWDGGTTYYADSVKGRFTISRDNSKNSLYLQMNSLRPEDTALYYCAKGGEWLDFAPSIWVLDSWGQGTLVSVSS
seq6330,QLQLQESGPRLVKPSETLSLTCSVSGGSIRSNSDYWAWIRQSPGQGLEWIGSISHSGSTYYNPSLKSRVSIFVDTSSNQFSLNLTSVTAADTAVYHCARHPSSGWLILWFDPWGQGTLVTVSS
seq6335,QVQLVQSGAEVKKPGASVKVSCKASGYTFTSYFLHWVRQAPGQGLEWLGIIDPSGGASYAQKFQGRVTMTSDTSTSTVYMDLGSLRSEDTAVYYCARAEGTSWLGWFDPWGQGSLVTVSS
seq6390,QVQLVESGGGVVQSGRSLRLSCEASGFIFGDHGMHWVRQAPGKGLEWVAVIWYDGSKKFYTDSVKGRFTISRDTSKSTLYLQMNSLGAEDTAVYFCARDTWGTMVRGNNFYYGMDVWGQGTTVIVSS
seq6406,QVQLVESGGGVVQPGRSLRIACGASGFTFSTYDMHWVRQAPVKGLEWVAVISRDGSGKFYADSVKGRFTISRDNSKKTLYLQMDSLRPEDTAMYYCARDFESRTWDPPKYYYALDVWGQGTTVTVSS
seq6407,QVQLVESGGGLVQAGGSLRLACIASGRTFHSYVMAWFRQAPGKEREFVAAISWSSTPTYYGESVKGRFTISRDNAKNTVYLQMNRLKPEDTAVYFCAADRGESYYYTRPTEYEFWGQGTQVTVSS
seq6426,QITLKESGPTLVNPTQTLTLTCTFSGISLSASGVNVGWIRQPPGKALEWLAFISWDGDKRYSPSLKSRLTITTDTSKNQVVLTMTNLDSVDTATYYCAHSFAYYSELGSLDYWGQGTLVTVSS
seq6427,EVQLVESGGGLVQPGRSLRLSCAASGFKYDDFAMYWVRQAPGKGLEWVSGISWNSGSIAYADSVEGRFTISRDNAKNSLYLQMNSLRPEDTALYYCAKEFRDCSRTSCYEGVGYYFDYWGQGTLVTVSS
seq6429,QVQLVESGGGVVQPGRSLRLSCAASGFTFRSHAMHWVRQAPGKGLECVAVIWNDESKTNYVDSVKGRFTISRDNSKNILYLQMNSLRAEDTAMYYCAREGISIGVGGDDAFDIWGQGTMVTVSS
seq6435,EVQLVESGGGLIQPGGSLRLSCAASGVTVSSNYMSWVRQAPGKGLEWVSVIYSGGSTFYSDSVKGRFSISRDNSKNTLYLQMNSLRAEDTAVYYCARDLYYYGMDVWGQGTTVTVSS
seq6448,EVQLVESGGGLVMPGRSLRLSCRHSGFTFADYTMNWFRQVPGKGLEWIGFIRSKTYGGTAEYAASVKGRFTISRDDSKSIAYLEMNSLNTENTGVYRCTRISGYYGAGSGGAMDVWGQGTTVTVSS
seq6483,QVQLVQSGPEVKTPGASVRVSCQASGDTFSTSYIHWVRQAPGQGPEWMGIINPSGGSTTYAQRFQGRVTMTGDMSSTTVYMELRGLTSDDTGVYYCARGGFVPNIRWPQDYWGQGTLITVSS
seq6485,QVQLVQSGAEVKKPGASVKVSCKASGYTFTTYYIHWVRQAPGQGLEWMGIINPSGGGTRYAQKFQGRVTMTRDTSTSTGYMELSSLRSEDTAVYFCARELVAPAAGYMDVWGKGTTVTVSS
seq6486,QVQLQESGGGLVQPGRSLRLSCVASGFTFDDYAIHWVRQAPGKGLEWVSGATWNSGTIGYADSVEGRFIISRDNAKNSLYLQMNSLRVEDTALYYCAKDYYGSGSNSPRDHYYGMDVWGPGTTVTVSS
seq6487,QVQLVQSGAEMKKPGASVTVSCKASRFSFTGYYLHWVRQAPGQGLEWMGWTNPNSGGTKFAQKFQDRVTMTLDSSISTAYMELSRLKSDDTAVYYCARAGGYHDSNGSTSSYGLDVWGQGTTVTVSS
seq6498,QVQLVQSGAEVKKPGTSMRVSCKASGYTFSTYGIIWVRQAPGQGLEWMGWISPHNGDPNYAQKFQGRVTMTIDTSTTTASLEVRSLRSDDSAVYFCARQLLFFGDLSGDNGMDVWGQGTAVTVS
seq6504,QVQLEESGPGLVKPSQILSLTCTVSGGAISSVSYCWSWIRQPAGRGLEWIGHVCSSDNINSNPSLKSRVTISVDTSKNQFSLKMTSVTAADTAVYYCARSTGDYEFDYWGQGTLVTVSS
seq6523,QVQLVESGGGVVQPGRSLRLSCAVSRFTFSRYPMHWVRQTPGKGLEWVAAITSDGTGKFYAESVKGRFTISRDNSKNTMYLQMNSLRPEDTAMYYCAREGDMSMVAILDYWGQGALVTVSS
seq6529,QITLKESGPTLVKPTQTLTLTCTFSGFSLTSSGVGVGWIRQPPGKALEWLALIYWDDDKRYRPSLKSRLTITKDASKKQVVFTLTNMGPVDTGTYYCAHIGGQLAVSDPATFDFWGQGTLVTVSS
seq6578,QVQLMQSGAEVKKPGSSVKVSCKASGGTFSSSAINWLRQAPGQGLEWMGRIIPTLGVAEYAQRFQGRVAISADKSTSTAYMELKSLTSEDTAVYYCARGTAEYSVVVVAATHIEYFQHWGQGTLVTVSS
seq6581,QVQLVQSGAEVKKPGASVKLSCRASGYTFTSYFMHWVRQAPGQGLEWMGVINPGGGGTSYAQKFQGRVTMTRDTSTSTVYMELSSLRSEDTAVYYCARYYDSIDNFDYWGQGTLVTVSS
seq6584,QVQLVESGGGLVQAGGSLRLSCVASGRTSRPYRMGWFRQAPGKEREFVAAIFWSGSHTLYEDSVKGRFTISTDNAQNTVYLQMNSLKPEDTAVYYCAARNQATGNYDVWGQGTQVTVS
seq6592,QVQLVQSGAEMKRPGASVKLSCKTSGYSFTNYYIHWVRQAPGQGPEWMGVINPSGGWTNFAETFQGRVTMTRDTPTSIVYMELSSLRSEDAAVYYCARESSRGSSYYYGMDVWGQGTTVTVSS
seq6601,QVQLVESGGGLVQAGGSLRLSCAASGRDFSSTVMGWFRQAPGKERELVAWMTVTYDITYYADSVKGRFTISKDNAKNTVYLQANSLKPDDTAVYYCASGALRVGSFSPDYWGQGTQVTVSS
seq6603,EVQLVQSGAEVKKLGESLKISCKGSGYNFSRFWIGWVRQRPGKGLEWMGTIHPGHSETTYSPSVQGQVTISADKSINTAYIQWSSLKASDTAIYFCARRGSLHSSGLTEIYYFDYWGQGSLVSVSS
seq6610,QVHLVESGGGVVQPGRSLRLSCAGSGFIVSDYAVHWVRQAPGKGLEWVALMSSDESKKYFTDSVKGRFTFSRDNSKNTLYLQMNSLRPEDTAVYYCARESGFGMDILTGTGSDFDYWGQGTLVTVSS
seq6627,EVQLVESGGGLVQPGGSLRLSCAASGFTFSNYDMHWVRQASGKGLEWVSVIGTAGDTYYPGSVKGRFTISRENAKNSLYLQMNSLRAGDTAVYYCARANYFDSSGYGYYYYGMDVWGQGTTVTVSS
seq6634,EVQLVESGGGLIQPGGSLRLSCAASGLTVSSNYMNWVRQAPGKGLEWVSVIYSGGSTYYADSVKGRFTISRDNSKNTLYLQMNSLRAEDTAVYYCARFRWGDVWGQGTTVTVSS
seq6642,EVQLVESGGGLVQPGGSLRLSCAASEFIVSSNYMTWVRQAPGKGLEWVSIMYPGGSTFYADSVKGRFTISRDNSKNTLYLQINRLRAEDTAVYYCARDIAGRLDYWGQGTLVTVSS
seq6649,QVQLVESGGGLVKPGGSLRLSCAASGFTFSNAWMNWVRQAPGKGLEWVGRIKSKSDGGTTEYAAPVKGRFTISRDDSKNRLYLQMNSLKSEDIAVYYCTTVSETRRLGVVAAALIEENYYYMDVWGEGTTVTVSS
seq6652,QVQLQESGPGLVKPSETLSLTCSVSGDSISSSDYSWGWIRQPPGKGLEWIGTIYYIKNTYYNPSLRSRVTLSVDTSKNLFSLKLSSVTAADTAVYYCARERPPFDVVVVPAARPYNWFDPWGLGTLVIVSS
seq6655,QVQLVESGGGVVQPGRSLRLSCATSDFTSNTYGIHWVRQAPGKGLEWVAVIWSDGSHEYYADSVKGRFTISRDNSKNTVYLQMASLRPEDTALYYCAKSPWLRGSFDVWGQGTVVPVSS
seq6664,EMQLVESGGGLVQPGRSLTLSCTASGFTLGDYTVNWVRQAPGKGLEWLGFIRNNAYGGAPEYAASVRGRFSVSRDDSKATAYLQMNGLKIEDTAVYYCAREGGSSGWSYYYYMDVWGKGTTVTVSS
seq6682,EVQLVESGGGLVKPGGSLRLSCVASGFTFSGYSMNWVRQAPGQGLEWVSSMGSSSSYISYADSVRGRFTISRDNARNSLYLQMNSLRAEDTAIYYCARDVSVIYCSDGSCYFDYWGQGTLVTVSS
seq6699,QVQLVESGGGVVQPGRSLRLSCAASGFKFSNYGMHWVRQSPGKGLEWVAVTWHDGSKKYYADSVKGRFTISRDNSKNTLYLQMSSLRAEDTAVYYCAREARMYYSDGSGYEGVPCFDFWGQGTLVTFSS
seq6728,QVQLVQSGAEVKKPGSSVKVSCKASGGTFHAISWVRQAPGQGLEWMGRIITMFGTTNYAQKFQGRVTITADNMELNNLTSDDTAVYYCARDLRGADYDLLTGYYPGGWFDPWGRGTLVTVSS
seq6731,QVQLVESGGGLVQPGGSLRLSCEASGFIFTTYWMSWVRQAPGKGLEWVANIKQDGSEKYYVDSVKGRFTISRDNAKNSLYLQMDSLRAEDTAVYYCARELGISDYWGQGTLVTVSS
seq6737,QVQLVESGGGVVQPGRSLRLSCATSGFTFRHYAMHWVRQAPGKGLEWLAVIWYDGSDKYHTASVKGRFTISRDNSNNRLYLQMNTLKVEDTAVYYCAKNFMPYCAAGACSGGVMDYWGQGTLVTVSS
seq6746,QVQLQQSGAEVKKPGASVKLSCKASGYTFSVFPIHWVRQAPGQRLEWMGWHNAGDGDTKYSQKFQGRVTIISDTSASTAYMELSSLKSEDTAVYYCARAARPYYDRRGYFFRADYFQHWGQGTLVTVSS
seq6755,QVQLVQSGAEVKKPGSSVRVSCKPAGGTFNSYAITWVRQAPGQGLEWMGGIIPVFDTTHYSQKFQGRVTINADESTSTVYMEVSSLTSHDTAIYYCAKSKYHPGYDVLTGRPDLNLPFDRWGQGTLVTVSS
seq6780,EVQLVESGGGLVKPGGTLTLACAASGFSFNTNGMNWVRQAPGKGLEWVASISSSRSFIFYADSVKGRFIISRDNSKNSLYLHMSSLRVEDTAVYYCTREWDHYDTRLDWGQGTLVTVSS
seq6781,QVQLLQSGAEVKKPGSSVKVSCKASGGTFSSYTISWMRQAPGQGPEWLGKIFPILGATDYAQKFQGRITIIADKSTNTAYLELSSLRSEDTAVYYCARESGYSGSGSVTYFHLWGRGTLVTVSS
seq6783,QVQLVESGGGLVQPGGSLRLSCVVSGFPLDFFAIGWFRQASGKEREWVSCISRRDDYTSYVDSVNGRFTISRDNAENTVYLQMNSLKLEDTAVYYCAGVRTSSDTVCQNYPRWYLTWGQGTQVTVS
seq6787,QVQLVESGGGVVQPGRSLRLSCVGSGFTFNTYAMHWVRQSPGKGLEWVAVVSSDGSDKYYADSVRGRLTISRDNSKNTLYLQMNNLSAEDAAVYYCARDLYIAVAGKLHYYNGVDVWGQGTTVTVSS
seq6819,QVQLVQSGSELKKPGASMKVSCKASGYSFSNLAMNWVRQAPGQGLEWMGWINTNTGNPTYAQGFTGRFVFSLDTSVRTAYLQISNLKAEDTAVYYCAKVGGKAVAALDDAFDIWGQGTMVIVSS
seq6823,EVQLVESGGGLVQPGGSLRLSCKGSGFTLSDYYIGWVRQAPGKGLEWIGSMYHSGRTYINPSLKSRVTISRDNSKNTLYLQMNSLRAEDTAVYYCARGGITGTTPIDYWGQGTLVTVSS
seq6828,QLQLQESGPGLVKPSETLSLTCTVSGGAISSRNYHWGWIRQPPGKGLEWIGSIYYSGSTYYSPSLKSRVTISVDTSKNQFSLRLSSVTAADTAVYYCARLETSGWYTEDVFDIWGQGTMVTVSS
seq6835,EVQLLETGPGLVKPSQTLSLTCTVSGASISSGGHYWSWIRQHPGKGPEWIGYIYYSGSTYYNPSLKSRVTISIDTSKNQFFLKLSSVTAADTAVYYCARYCSSSRCPDDYWGQGTLVTVSS
seq6855,QVQLQESGGGLVQAGGSLRLSCAASGSISTTYLMGWYRQAPGKEREFVATINRGGSTYYADSVKGRFTISRDNAKNTVYLQMNSLKPEDTAVYYCAVGWPDPDYGLAYHRYWGQGTQVTVSS
seq6859,EEQLLESGGGLVQPGKSLKLSCAASGFTFTNYAINWVRQAPGKGLEWVSFITGSGNTAYYADSVKGRFTISRDNSKNTLFLQMNSLRAEDTAVYYCARHDSPTHSDVLTGPDAFDIWGQGTMVTVSS
seq6875,EVQLVESGGGLVQPGGSRRLSCGVSGFIFSDYEMNWVRQAPGKGLEWLAYISTSGNSKNYADSVKGRFTISRDNAKNSVYLQMNSLSAEDTAVYYCARAFYSYGSGTLDFWGQGTLVSVSS
seq6913,EVQLQQSGPELVKPGASVKISCKASGFSFTGYSMNWMKQSPEKSLEWIGEINPTTGGTTYNQKFKAKATLTVDKSSSTAYIQLKSLTSEDSAVYYCARGRADYWGQGTTLTVSS
seq6955,QVQLQESGGGVVQPGRSLRLSCAASGFTFSTYGMHWVRQAPGKGLEWVAVISYDGSNKLHADSVKGRFTISRDNSKNTLYLQMNSLRAEDTAVYYCAKALGPYCSGGSCYQSQIDYWGQGTLVTVSS
seq7008,EVQLVESGGGLVQPGGSLRLSCAASGFTFRQYWMHWVRHVPGKGLVWVSRIDSDGSGAFYAGSVRGRFTVSRDNSKGTLYLQMNSLRAEDTAVYYCAREEGYYYHYMDVWGKGTTVTVSS
seq7025,EVHLVESGGGLVQPGGSLRLSCAASGFTFSDHYMDWVRQAPGKGLEWVGRTRNKANSYTTEYAASVKGRFTISRDDAKNSLYLQMNSLKTEDTAVYYCARVHRWAYCINGVCFGAYSDYWGQGTLVTVSS
seq7036,QLHESGPGLVKPSETLSLTCTVSGGSISSSNHYWVWIRQPPGKSPEWIGNVYYSGTTYYNPSLKSRVTISVDTSKNQFSLKLSSVSAADSALYYCARGSGCSATSCQMWAGDHYYYYMDVWGKGTTVTVSS
seq7042,QVQLVQSGGGLVKPGGSLRLSCAASGFTFSSYAMHWVRQAPGKGLEFVSVINSDGGSPYYANAVKGRFTISRDNSKNKVFLQMGSLRAEDMAVYYCARESMDQTAYFDYWGRGTLVTVSS
seq7052,QIQLVQSGVELKKPGASVKVSCKASGYTFLSYGISWVRQAPGQGLEWMGWFSGDNGDTQYAQNFQGRVTMTADTSTSTAYMEMRSLRTDDTAVYYCASRRFGELTLEFWGQGTLVTVSS
seq7056,QVQLVQSGAEVRKPGSSVTVACKSSEDIFNTYAFGWVRQAPGQGPEWMGRIIPRLNSISSAQKFRGRVSITADTSTTTVYLELISLRYEDTAVYYCARGRGGGWSEFDDWGRGTLVTVSS
seq7065,QVQLQESGPGLVKPSETLSLTCAVSGYSITSGHLWGWIRQPPGKGLEWIGTVHHSGTSYYNPSLKSRVTTAVDTSKNQFSMNLRSVTAADTAVYYCARSLLRFLEPHNCFAPWGQGTLVTVSS
seq7079,VQLVESGGGLVQPGGSLRLSCAASEFIVSRNYMSWVRQAPGKGLEWVSVIYSGGSTFYADSVKGRFTISRDNSKNTLYLQMNSLRAEDTGVYYCARDRGLVSDYWGQGTLVTVSS
seq7095,VQLVESGGGLVKPGGSLRLSCAASGFTFSNYDMNWVRQAPGKGLEWVSSISSSSTYTHYADSVKGRFTISRDNAKNSLYLQMNSLRAEDTAVYYCARDRAYRLGELSSLWGDDAFDIWGQGTMVTVSS
